#
# There is insufficient memory for the Java Runtime Environment to continue.
# Native memory allocation (malloc) failed to allocate 695696 bytes for Chunk::new
# Possible reasons:
#   The system is out of physical RAM or swap space
#   The process is running with CompressedOops enabled, and the Java Heap may be blocking the growth of the native heap
# Possible solutions:
#   Reduce memory load on the system
#   Increase physical memory or swap space
#   Check if swap backing store is full
#   Decrease Java heap size (-Xmx/-Xms)
#   Decrease number of Java threads
#   Decrease Java thread stack sizes (-Xss)
#   Set larger code cache with -XX:ReservedCodeCacheSize=
#   JVM is running with Unscaled Compressed Oops mode in which the Java heap is
#     placed in the first 4GB address space. The Java Heap base address is the
#     maximum limit for the native heap growth. Please use -XX:HeapBaseMinAddress
#     to set the Java Heap base and to place the Java Heap above 4GB virtual address.
# This output file may be truncated or incomplete.
#
#  Out of Memory Error (arena.cpp:189), pid=22100, tid=34260
#
# JRE version: OpenJDK Runtime Environment OpenLogic-OpenJDK (17.0.8+7) (build 17.0.8+7-adhoc..jdk17u)
# Java VM: OpenJDK 64-Bit Server VM OpenLogic-OpenJDK (17.0.8+7-adhoc..jdk17u, mixed mode, sharing, tiered, compressed oops, compressed class ptrs, g1 gc, windows-amd64)
# No core dump will be written. Minidumps are not enabled by default on client versions of Windows
#

---------------  S U M M A R Y ------------

Command Line: -XX:MaxMetaspaceSize=512m --add-opens=java.base/java.util=ALL-UNNAMED --add-opens=java.base/java.lang=ALL-UNNAMED --add-opens=java.base/java.lang.invoke=ALL-UNNAMED --add-opens=java.prefs/java.util.prefs=ALL-UNNAMED --add-opens=java.base/java.nio.charset=ALL-UNNAMED --add-opens=java.base/java.net=ALL-UNNAMED --add-opens=java.base/java.util.concurrent.atomic=ALL-UNNAMED -Xmx2048m -Dfile.encoding=windows-1252 -Duser.country=US -Duser.language=en -Duser.variant -javaagent:C:\Users\yuvak\.gradle\wrapper\dists\gradle-8.7-all\aan3ydargesu18aqyqjwhr3pc\gradle-8.7\lib\agents\gradle-instrumentation-agent-8.7.jar org.gradle.launcher.daemon.bootstrap.GradleDaemon 8.7

Host: AMD Ryzen 5 5600H with Radeon Graphics         , 12 cores, 5G,  Windows 11 , 64 bit Build 22621 (10.0.22621.4391)
Time: Tue Jan 14 14:55:57 2025 India Standard Time elapsed time: 10483.143474 seconds (0d 2h 54m 43s)

---------------  T H R E A D  ---------------

Current thread (0x000002aabce51b40):  JavaThread "C2 CompilerThread0" daemon [_thread_in_native, id=34260, stack(0x000000b86af00000,0x000000b86b000000)]


Current CompileTask:
C2:10483143 33690       4       org.gradle.launcher.daemon.context.DefaultDaemonContext$Serializer::read (192 bytes)

Stack: [0x000000b86af00000,0x000000b86b000000]
Native frames: (J=compiled Java code, j=interpreted, Vv=VM code, C=native code)
V  [jvm.dll+0x679dda]
V  [jvm.dll+0x8378c4]
V  [jvm.dll+0x83906e]
V  [jvm.dll+0x8396d3]
V  [jvm.dll+0x24775f]
V  [jvm.dll+0xac3ac]
V  [jvm.dll+0xac97c]
V  [jvm.dll+0x365f82]
V  [jvm.dll+0x330321]
V  [jvm.dll+0x32f7ca]
V  [jvm.dll+0x219ff1]
V  [jvm.dll+0x219411]
V  [jvm.dll+0x1a568d]
V  [jvm.dll+0x2290ea]
V  [jvm.dll+0x22714c]
V  [jvm.dll+0x7ed5bc]
V  [jvm.dll+0x7e79ea]
V  [jvm.dll+0x678c25]
C  [ucrtbase.dll+0x29333]
C  [KERNEL32.DLL+0x1259d]
C  [ntdll.dll+0x5af38]


---------------  P R O C E S S  ---------------

Threads class SMR info:
_java_thread_list=0x000002aae04cfbf0, length=214, elements={
0x000002aa9d2451b0, 0x000002aabce2f2c0, 0x000002aabce2fc90, 0x000002aabce41390,
0x000002aabce41d60, 0x000002aabce44640, 0x000002aabce50f40, 0x000002aabce51b40,
0x000002aabce5f1c0, 0x000002aabce61770, 0x000002aabce60d50, 0x000002aabce62190,
0x000002aabce61c80, 0x000002aabce635d0, 0x000002aabce60330, 0x000002aaddde6ab0,
0x000002aaddde79e0, 0x000002aaddde74d0, 0x000002aaddde3300, 0x000002aaddde5670,
0x000002aaddde4740, 0x000002aaddde4230, 0x000002aadf3fcea0, 0x000002aae0f2e760,
0x000002aae0f314f0, 0x000002aae0bba180, 0x000002aae0bbb5c0, 0x000002aae0bbb0b0,
0x000002aae1487a20, 0x000002aae1482410, 0x000002aaddde4c50, 0x000002aaddde2df0,
0x000002aaddde8910, 0x000002aaddde1ec0, 0x000002aaddde9840, 0x000002aaddde5160,
0x000002aaddde23d0, 0x000002aaddde28e0, 0x000002aadc3b21e0, 0x000002aadc3b0da0,
0x000002aadc3b3620, 0x000002aadc3af960, 0x000002aadc3b4550, 0x000002aadc3b4a60,
0x000002aadc3b3b30, 0x000002aadc3ae520, 0x000002aadc3afe70, 0x000002aadc3b0380,
0x000002aadc3b1cd0, 0x000002aadc3aea30, 0x000002aadc3b0890, 0x000002aadc3b3110,
0x000002aadc3b4040, 0x000002aadc3b12b0, 0x000002aadc3b4f70, 0x000002aadc3adb00,
0x000002aadc3b26f0, 0x000002aadc3b5480, 0x000002aadc3ae010, 0x000002aadc3b2c00,
0x000002aae82f7ab0, 0x000002aae82f9400, 0x000002aae82f9e20, 0x000002aae82fb770,
0x000002aae82f7fc0, 0x000002aae82fc190, 0x000002aae82fd0c0, 0x000002aae82f89e0,
0x000002aae82f8ef0, 0x000002aae82f9910, 0x000002aae82fa330, 0x000002aae82fe500,
0x000002aae82fbc80, 0x000002aae82fad50, 0x000002aae82fc6a0, 0x000002aae82fcbb0,
0x000002aae82ff430, 0x000002aae82fd5d0, 0x000002aae82fdae0, 0x000002aae82f84d0,
0x000002aae82fea10, 0x000002aadf3ffc30, 0x000002aadf3fb040, 0x000002aadf401070,
0x000002aadf3fd3b0, 0x000002aadf3fa620, 0x000002aadf3fb550, 0x000002aadf3fbf70,
0x000002aadf3fab30, 0x000002aadf3fd8c0, 0x000002aadf3fba60, 0x000002aadf3fc480,
0x000002aadf3fc990, 0x000002aadf3fddd0, 0x000002aadf3fe2e0, 0x000002aadf3fe7f0,
0x000002aadf400650, 0x000002aadf400140, 0x000002aadf3fed00, 0x000002aadf3f9c00,
0x000002aadf400b60, 0x000002aadf3fa110, 0x000002aae113c520, 0x000002aae1138350,
0x000002aae1135ad0, 0x000002aae113bb00, 0x000002aae113c010, 0x000002aae1135fe0,
0x000002aae11355c0, 0x000002aae113b5f0, 0x000002aae113a6c0, 0x000002aae1138860,
0x000002aae1137930, 0x000002aae11350b0, 0x000002aae1136a00, 0x000002aae1139790,
0x000002aae1137420, 0x000002aae1138d70, 0x000002aae1139280, 0x000002aae1139ca0,
0x000002aae113abd0, 0x000002aae113b0e0, 0x000002aae113a1b0, 0x000002aae11364f0,
0x000002aae0f2c900, 0x000002aae0f2dd40, 0x000002aae0f2b4c0, 0x000002aae0f2b9d0,
0x000002aae0f2bee0, 0x000002aae0f2ce10, 0x000002aae0f2e250, 0x000002aae0f2a080,
0x000002aae0f2fba0, 0x000002aae0f305c0, 0x000002aae0f30ad0, 0x000002aae0f2c3f0,
0x000002aae0f2aaa0, 0x000002aae0f2d320, 0x000002aae0f2d830, 0x000002aae0f2afb0,
0x000002aae0f2ec70, 0x000002aae0f2f180, 0x000002aae1484270, 0x000002aae14865e0,
0x000002aae14814e0, 0x000002aae14860d0, 0x000002aae14819f0, 0x000002aae1487000,
0x000002aae1484780, 0x000002aae1484c90, 0x000002aae14851a0, 0x000002aabce626a0,
0x000002aabce63ae0, 0x000002aabce61260, 0x000002aabce62bb0, 0x000002aabce60840,
0x000002aae0bba690, 0x000002aae0bbaba0, 0x000002aabce630c0, 0x000002aae1488440,
0x000002aaddde6090, 0x000002aadced9100, 0x000002aadced8bf0, 0x000002aadced9610,
0x000002aadcedaa50, 0x000002aadced72a0, 0x000002aadced6d90, 0x000002aadced9b20,
0x000002aadced86e0, 0x000002aadced6880, 0x000002aadcedd2d0, 0x000002aadcedaf60,
0x000002aadced81d0, 0x000002aadcedc8b0, 0x000002aadcedb980, 0x000002aadced7cc0,
0x000002aadcedbe90, 0x000002aadcedc3a0, 0x000002aadcedcdc0, 0x000002aadced5e60,
0x000002aadcedd7e0, 0x000002aae8d62f70, 0x000002aae8d60c00, 0x000002aae8d61b30,
0x000002aae8d5ca30, 0x000002aae8d5e380, 0x000002aae8d601e0, 0x000002aae8d66210,
0x000002aae8d67b60, 0x000002aae8d606f0, 0x000002aae8d6b820, 0x000002aae8d699c0,
0x000002aae8d69ed0, 0x000002aae8d6a3e0, 0x000002aae8d6a8f0, 0x000002aae8d6bd30,
0x000002aae0f2a590, 0x000002aaddde7ef0, 0x000002aae0bbd420, 0x000002aadc3af450,
0x000002aae8d652e0, 0x000002aae1137e40, 0x000002aaea877400, 0x000002aaea87a6a0,
0x000002aaea87b5d0, 0x000002aaea879c80, 0x000002aaea87bae0, 0x000002aaea879770,
0x000002aaea877910, 0x000002aaea879260, 0x000002aaea87c500, 0x000002aaea875090,
0x000002aaea87ca10, 0x000002aaea878330
}

Java Threads: ( => current thread )
  0x000002aa9d2451b0 JavaThread "main" [_thread_blocked, id=27536, stack(0x000000b86a200000,0x000000b86a300000)]
  0x000002aabce2f2c0 JavaThread "Reference Handler" daemon [_thread_blocked, id=28276, stack(0x000000b86a900000,0x000000b86aa00000)]
  0x000002aabce2fc90 JavaThread "Finalizer" daemon [_thread_blocked, id=6996, stack(0x000000b86aa00000,0x000000b86ab00000)]
  0x000002aabce41390 JavaThread "Signal Dispatcher" daemon [_thread_blocked, id=34356, stack(0x000000b86ab00000,0x000000b86ac00000)]
  0x000002aabce41d60 JavaThread "Attach Listener" daemon [_thread_blocked, id=19092, stack(0x000000b86ac00000,0x000000b86ad00000)]
  0x000002aabce44640 JavaThread "Service Thread" daemon [_thread_blocked, id=28236, stack(0x000000b86ad00000,0x000000b86ae00000)]
  0x000002aabce50f40 JavaThread "Monitor Deflation Thread" daemon [_thread_blocked, id=27176, stack(0x000000b86ae00000,0x000000b86af00000)]
=>0x000002aabce51b40 JavaThread "C2 CompilerThread0" daemon [_thread_in_native, id=34260, stack(0x000000b86af00000,0x000000b86b000000)]
  0x000002aabce5f1c0 JavaThread "C1 CompilerThread0" daemon [_thread_blocked, id=8196, stack(0x000000b86b000000,0x000000b86b100000)]
  0x000002aabce61770 JavaThread "Sweeper thread" daemon [_thread_blocked, id=32740, stack(0x000000b86b100000,0x000000b86b200000)]
  0x000002aabce60d50 JavaThread "Common-Cleaner" daemon [_thread_blocked, id=8360, stack(0x000000b86b200000,0x000000b86b300000)]
  0x000002aabce62190 JavaThread "Notification Thread" daemon [_thread_blocked, id=7076, stack(0x000000b86b300000,0x000000b86b400000)]
  0x000002aabce61c80 JavaThread "Daemon health stats" [_thread_blocked, id=21728, stack(0x000000b86b900000,0x000000b86ba00000)]
  0x000002aabce635d0 JavaThread "Incoming local TCP Connector on port 57991" [_thread_in_native, id=24608, stack(0x000000b86ba00000,0x000000b86bb00000)]
  0x000002aabce60330 JavaThread "Daemon periodic checks" [_thread_blocked, id=33820, stack(0x000000b86bb00000,0x000000b86bc00000)]
  0x000002aaddde6ab0 JavaThread "Cache worker for journal cache (C:\Users\yuvak\.gradle\caches\journal-1)" [_thread_blocked, id=32524, stack(0x000000b86c800000,0x000000b86c900000)]
  0x000002aaddde79e0 JavaThread "File lock request listener" [_thread_in_native, id=24780, stack(0x000000b86c900000,0x000000b86ca00000)]
  0x000002aaddde74d0 JavaThread "Cache worker for file hash cache (C:\Users\yuvak\.gradle\caches\8.7\fileHashes)" [_thread_blocked, id=29124, stack(0x000000b86ca00000,0x000000b86cb00000)]
  0x000002aaddde3300 JavaThread "File watcher server" daemon [_thread_in_native, id=13180, stack(0x000000b86cc00000,0x000000b86cd00000)]
  0x000002aaddde5670 JavaThread "File watcher consumer" daemon [_thread_blocked, id=27984, stack(0x000000b86cd00000,0x000000b86ce00000)]
  0x000002aaddde4740 JavaThread "Cache worker for file content cache (C:\Users\yuvak\.gradle\caches\8.7\fileContent)" [_thread_blocked, id=27640, stack(0x000000b86d300000,0x000000b86d400000)]
  0x000002aaddde4230 JavaThread "jar transforms" [_thread_blocked, id=3248, stack(0x000000b86d400000,0x000000b86d500000)]
  0x000002aadf3fcea0 JavaThread "Memory manager" [_thread_blocked, id=20256, stack(0x000000b86f000000,0x000000b86f100000)]
  0x000002aae0f2e760 JavaThread "jar transforms Thread 2" [_thread_blocked, id=17032, stack(0x000000b874500000,0x000000b874600000)]
  0x000002aae0f314f0 JavaThread "jar transforms Thread 3" [_thread_blocked, id=32100, stack(0x000000b874700000,0x000000b874800000)]
  0x000002aae0bba180 JavaThread "jar transforms Thread 4" [_thread_blocked, id=27708, stack(0x000000b876e00000,0x000000b876f00000)]
  0x000002aae0bbb5c0 JavaThread "jar transforms Thread 5" [_thread_blocked, id=31260, stack(0x000000b876f00000,0x000000b877000000)]
  0x000002aae0bbb0b0 JavaThread "jar transforms Thread 6" [_thread_blocked, id=14672, stack(0x000000b877000000,0x000000b877100000)]
  0x000002aae1487a20 JavaThread "Monitor" [_thread_in_native, id=23556, stack(0x000000b877300000,0x000000b877400000)]
  0x000002aae1482410 JavaThread "Device List Monitor" [_thread_in_native, id=7656, stack(0x000000b877400000,0x000000b877500000)]
  0x000002aaddde4c50 JavaThread "Daemon Thread 4" [_thread_blocked, id=26516, stack(0x000000b869f00000,0x000000b86a000000)]
  0x000002aaddde2df0 JavaThread "Handler for socket connection from /127.0.0.1:57991 to /127.0.0.1:63623" [_thread_in_native, id=10688, stack(0x000000b86a000000,0x000000b86a100000)]
  0x000002aaddde8910 JavaThread "Cancel handler" [_thread_blocked, id=7528, stack(0x000000b86a100000,0x000000b86a200000)]
  0x000002aaddde1ec0 JavaThread "Daemon worker Thread 4" [_thread_blocked, id=30860, stack(0x000000b86bc00000,0x000000b86bd00000)]
  0x000002aaddde9840 JavaThread "Asynchronous log dispatcher for DefaultDaemonConnection: socket connection from /127.0.0.1:57991 to /127.0.0.1:63623" [_thread_blocked, id=31936, stack(0x000000b86bd00000,0x000000b86be00000)]
  0x000002aaddde5160 JavaThread "Stdin handler" [_thread_blocked, id=2264, stack(0x000000b86be00000,0x000000b86bf00000)]
  0x000002aaddde23d0 JavaThread "Daemon client event forwarder" [_thread_blocked, id=13300, stack(0x000000b86bf00000,0x000000b86c000000)]
  0x000002aaddde28e0 JavaThread "Cache worker for file hash cache (C:\Users\yuvak\Desktop\MyApp\android\.gradle\8.7\fileHashes)" [_thread_blocked, id=4252, stack(0x000000b86c000000,0x000000b86c100000)]
  0x000002aadc3b21e0 JavaThread "Cache worker for checksums cache (C:\Users\yuvak\Desktop\MyApp\android\.gradle\8.7\checksums)" [_thread_blocked, id=34064, stack(0x000000b86c100000,0x000000b86c200000)]
  0x000002aadc3b0da0 JavaThread "Cache worker for cache directory md-supplier (C:\Users\yuvak\.gradle\caches\8.7\md-supplier)" [_thread_blocked, id=22864, stack(0x000000b86c200000,0x000000b86c300000)]
  0x000002aadc3b3620 JavaThread "Cache worker for cache directory md-rule (C:\Users\yuvak\.gradle\caches\8.7\md-rule)" [_thread_blocked, id=21888, stack(0x000000b86cb00000,0x000000b86cc00000)]
  0x000002aadc3af960 JavaThread "Unconstrained build operations" [_thread_blocked, id=16900, stack(0x000000b86d000000,0x000000b86d100000)]
  0x000002aadc3b4550 JavaThread "Unconstrained build operations Thread 2" [_thread_blocked, id=15328, stack(0x000000b86d100000,0x000000b86d200000)]
  0x000002aadc3b4a60 JavaThread "Cache worker for Build Output Cleanup Cache (C:\Users\yuvak\Desktop\MyApp\node_modules\@react-native\gradle-plugin\.gradle\buildOutputCleanup)" [_thread_blocked, id=17352, stack(0x000000b86d200000,0x000000b86d300000)]
  0x000002aadc3b3b30 JavaThread "Unconstrained build operations Thread 3" [_thread_blocked, id=24684, stack(0x000000b86d500000,0x000000b86d600000)]
  0x000002aadc3ae520 JavaThread "Unconstrained build operations Thread 4" [_thread_blocked, id=19160, stack(0x000000b86d600000,0x000000b86d700000)]
  0x000002aadc3afe70 JavaThread "Unconstrained build operations Thread 5" [_thread_blocked, id=10824, stack(0x000000b86d700000,0x000000b86d800000)]
  0x000002aadc3b0380 JavaThread "Unconstrained build operations Thread 6" [_thread_blocked, id=31076, stack(0x000000b86d800000,0x000000b86d900000)]
  0x000002aadc3b1cd0 JavaThread "Unconstrained build operations Thread 7" [_thread_blocked, id=15768, stack(0x000000b86d900000,0x000000b86da00000)]
  0x000002aadc3aea30 JavaThread "Unconstrained build operations Thread 8" [_thread_blocked, id=26708, stack(0x000000b86da00000,0x000000b86db00000)]
  0x000002aadc3b0890 JavaThread "Unconstrained build operations Thread 9" [_thread_blocked, id=24084, stack(0x000000b86db00000,0x000000b86dc00000)]
  0x000002aadc3b3110 JavaThread "Unconstrained build operations Thread 10" [_thread_blocked, id=22716, stack(0x000000b86dc00000,0x000000b86dd00000)]
  0x000002aadc3b4040 JavaThread "Unconstrained build operations Thread 11" [_thread_blocked, id=19476, stack(0x000000b86dd00000,0x000000b86de00000)]
  0x000002aadc3b12b0 JavaThread "Unconstrained build operations Thread 12" [_thread_blocked, id=31304, stack(0x000000b86de00000,0x000000b86df00000)]
  0x000002aadc3b4f70 JavaThread "Unconstrained build operations Thread 13" [_thread_blocked, id=32584, stack(0x000000b86df00000,0x000000b86e000000)]
  0x000002aadc3adb00 JavaThread "build event listener" [_thread_blocked, id=14812, stack(0x000000b86e000000,0x000000b86e100000)]
  0x000002aadc3b26f0 JavaThread "ForkJoinPool.commonPool-worker-33" daemon [_thread_blocked, id=29284, stack(0x000000b86e100000,0x000000b86e200000)]
  0x000002aadc3b5480 JavaThread "ForkJoinPool.commonPool-worker-34" daemon [_thread_blocked, id=31984, stack(0x000000b86e200000,0x000000b86e300000)]
  0x000002aadc3ae010 JavaThread "ForkJoinPool.commonPool-worker-36" daemon [_thread_blocked, id=1552, stack(0x000000b86e400000,0x000000b86e500000)]
  0x000002aadc3b2c00 JavaThread "ForkJoinPool.commonPool-worker-38" daemon [_thread_blocked, id=28216, stack(0x000000b86e600000,0x000000b86e700000)]
  0x000002aae82f7ab0 JavaThread "ForkJoinPool.commonPool-worker-39" daemon [_thread_blocked, id=14352, stack(0x000000b86e700000,0x000000b86e800000)]
  0x000002aae82f9400 JavaThread "ForkJoinPool.commonPool-worker-40" daemon [_thread_blocked, id=12908, stack(0x000000b86e800000,0x000000b86e900000)]
  0x000002aae82f9e20 JavaThread "ForkJoinPool.commonPool-worker-42" daemon [_thread_blocked, id=5976, stack(0x000000b86ea00000,0x000000b86eb00000)]
  0x000002aae82fb770 JavaThread "Execution worker" [_thread_blocked, id=20792, stack(0x000000b86ec00000,0x000000b86ed00000)]
  0x000002aae82f7fc0 JavaThread "Execution worker Thread 2" [_thread_blocked, id=18344, stack(0x000000b86ed00000,0x000000b86ee00000)]
  0x000002aae82fc190 JavaThread "Execution worker Thread 3" [_thread_blocked, id=16612, stack(0x000000b86ee00000,0x000000b86ef00000)]
  0x000002aae82fd0c0 JavaThread "Execution worker Thread 4" [_thread_blocked, id=2812, stack(0x000000b86ef00000,0x000000b86f000000)]
  0x000002aae82f89e0 JavaThread "Execution worker Thread 5" [_thread_blocked, id=33072, stack(0x000000b86f100000,0x000000b86f200000)]
  0x000002aae82f8ef0 JavaThread "Execution worker Thread 6" [_thread_blocked, id=27332, stack(0x000000b86f200000,0x000000b86f300000)]
  0x000002aae82f9910 JavaThread "Execution worker Thread 7" [_thread_blocked, id=33956, stack(0x000000b86f300000,0x000000b86f400000)]
  0x000002aae82fa330 JavaThread "Execution worker Thread 8" [_thread_blocked, id=24776, stack(0x000000b86f400000,0x000000b86f500000)]
  0x000002aae82fe500 JavaThread "Execution worker Thread 9" [_thread_blocked, id=23688, stack(0x000000b86f500000,0x000000b86f600000)]
  0x000002aae82fbc80 JavaThread "Execution worker Thread 10" [_thread_blocked, id=17700, stack(0x000000b86f600000,0x000000b86f700000)]
  0x000002aae82fad50 JavaThread "Execution worker Thread 11" [_thread_blocked, id=21156, stack(0x000000b86f700000,0x000000b86f800000)]
  0x000002aae82fc6a0 JavaThread "Cache worker for execution history cache (C:\Users\yuvak\Desktop\MyApp\node_modules\@react-native\gradle-plugin\.gradle\8.7\executionHistory)" [_thread_blocked, id=30240, stack(0x000000b86f800000,0x000000b86f900000)]
  0x000002aae82fcbb0 JavaThread "Unconstrained build operations Thread 14" [_thread_blocked, id=13924, stack(0x000000b86f900000,0x000000b86fa00000)]
  0x000002aae82ff430 JavaThread "Unconstrained build operations Thread 15" [_thread_blocked, id=22984, stack(0x000000b86fa00000,0x000000b86fb00000)]
  0x000002aae82fd5d0 JavaThread "Unconstrained build operations Thread 16" [_thread_blocked, id=33764, stack(0x000000b86fb00000,0x000000b86fc00000)]
  0x000002aae82fdae0 JavaThread "Unconstrained build operations Thread 17" [_thread_blocked, id=31876, stack(0x000000b86fc00000,0x000000b86fd00000)]
  0x000002aae82f84d0 JavaThread "Unconstrained build operations Thread 18" [_thread_blocked, id=26424, stack(0x000000b86fd00000,0x000000b86fe00000)]
  0x000002aae82fea10 JavaThread "Unconstrained build operations Thread 19" [_thread_blocked, id=25628, stack(0x000000b86fe00000,0x000000b86ff00000)]
  0x000002aadf3ffc30 JavaThread "Unconstrained build operations Thread 20" [_thread_blocked, id=4476, stack(0x000000b86ff00000,0x000000b870000000)]
  0x000002aadf3fb040 JavaThread "Unconstrained build operations Thread 21" [_thread_blocked, id=28312, stack(0x000000b870000000,0x000000b870100000)]
  0x000002aadf401070 JavaThread "Unconstrained build operations Thread 22" [_thread_blocked, id=32804, stack(0x000000b870100000,0x000000b870200000)]
  0x000002aadf3fd3b0 JavaThread "Unconstrained build operations Thread 23" [_thread_blocked, id=27284, stack(0x000000b870200000,0x000000b870300000)]
  0x000002aadf3fa620 JavaThread "Unconstrained build operations Thread 24" [_thread_blocked, id=32976, stack(0x000000b870300000,0x000000b870400000)]
  0x000002aadf3fb550 JavaThread "Unconstrained build operations Thread 25" [_thread_blocked, id=28584, stack(0x000000b870400000,0x000000b870500000)]
  0x000002aadf3fbf70 JavaThread "Unconstrained build operations Thread 26" [_thread_blocked, id=30684, stack(0x000000b870500000,0x000000b870600000)]
  0x000002aadf3fab30 JavaThread "Unconstrained build operations Thread 27" [_thread_blocked, id=28512, stack(0x000000b870600000,0x000000b870700000)]
  0x000002aadf3fd8c0 JavaThread "Unconstrained build operations Thread 28" [_thread_blocked, id=34092, stack(0x000000b870700000,0x000000b870800000)]
  0x000002aadf3fba60 JavaThread "Unconstrained build operations Thread 29" [_thread_blocked, id=6296, stack(0x000000b870800000,0x000000b870900000)]
  0x000002aadf3fc480 JavaThread "Unconstrained build operations Thread 30" [_thread_blocked, id=33856, stack(0x000000b870900000,0x000000b870a00000)]
  0x000002aadf3fc990 JavaThread "Unconstrained build operations Thread 31" [_thread_blocked, id=29032, stack(0x000000b870a00000,0x000000b870b00000)]
  0x000002aadf3fddd0 JavaThread "Unconstrained build operations Thread 32" [_thread_blocked, id=11472, stack(0x000000b870b00000,0x000000b870c00000)]
  0x000002aadf3fe2e0 JavaThread "Unconstrained build operations Thread 33" [_thread_blocked, id=33928, stack(0x000000b870c00000,0x000000b870d00000)]
  0x000002aadf3fe7f0 JavaThread "Unconstrained build operations Thread 34" [_thread_blocked, id=34796, stack(0x000000b870d00000,0x000000b870e00000)]
  0x000002aadf400650 JavaThread "Unconstrained build operations Thread 35" [_thread_blocked, id=24748, stack(0x000000b870e00000,0x000000b870f00000)]
  0x000002aadf400140 JavaThread "Unconstrained build operations Thread 36" [_thread_blocked, id=31052, stack(0x000000b870f00000,0x000000b871000000)]
  0x000002aadf3fed00 JavaThread "Unconstrained build operations Thread 37" [_thread_blocked, id=9680, stack(0x000000b871000000,0x000000b871100000)]
  0x000002aadf3f9c00 JavaThread "Cache worker for Build Output Cleanup Cache (C:\Users\yuvak\Desktop\MyApp\android\.gradle\buildOutputCleanup)" [_thread_blocked, id=8240, stack(0x000000b871100000,0x000000b871200000)]
  0x000002aadf400b60 JavaThread "Unconstrained build operations Thread 38" [_thread_blocked, id=5412, stack(0x000000b871200000,0x000000b871300000)]
  0x000002aadf3fa110 JavaThread "Unconstrained build operations Thread 39" [_thread_blocked, id=29184, stack(0x000000b871300000,0x000000b871400000)]
  0x000002aae113c520 JavaThread "Unconstrained build operations Thread 40" [_thread_blocked, id=30200, stack(0x000000b871400000,0x000000b871500000)]
  0x000002aae1138350 JavaThread "Unconstrained build operations Thread 41" [_thread_blocked, id=3840, stack(0x000000b871500000,0x000000b871600000)]
  0x000002aae1135ad0 JavaThread "Unconstrained build operations Thread 42" [_thread_blocked, id=34428, stack(0x000000b871600000,0x000000b871700000)]
  0x000002aae113bb00 JavaThread "Unconstrained build operations Thread 43" [_thread_blocked, id=27568, stack(0x000000b871700000,0x000000b871800000)]
  0x000002aae113c010 JavaThread "Unconstrained build operations Thread 44" [_thread_blocked, id=27316, stack(0x000000b871800000,0x000000b871900000)]
  0x000002aae1135fe0 JavaThread "Unconstrained build operations Thread 45" [_thread_blocked, id=1544, stack(0x000000b871900000,0x000000b871a00000)]
  0x000002aae11355c0 JavaThread "Unconstrained build operations Thread 46" [_thread_blocked, id=34744, stack(0x000000b871a00000,0x000000b871b00000)]
  0x000002aae113b5f0 JavaThread "Unconstrained build operations Thread 47" [_thread_blocked, id=19920, stack(0x000000b871b00000,0x000000b871c00000)]
  0x000002aae113a6c0 JavaThread "Unconstrained build operations Thread 48" [_thread_blocked, id=29964, stack(0x000000b871c00000,0x000000b871d00000)]
  0x000002aae1138860 JavaThread "Unconstrained build operations Thread 49" [_thread_blocked, id=30344, stack(0x000000b871d00000,0x000000b871e00000)]
  0x000002aae1137930 JavaThread "Unconstrained build operations Thread 50" [_thread_blocked, id=6364, stack(0x000000b871e00000,0x000000b871f00000)]
  0x000002aae11350b0 JavaThread "Unconstrained build operations Thread 51" [_thread_blocked, id=26488, stack(0x000000b871f00000,0x000000b872000000)]
  0x000002aae1136a00 JavaThread "Unconstrained build operations Thread 52" [_thread_blocked, id=3896, stack(0x000000b872000000,0x000000b872100000)]
  0x000002aae1139790 JavaThread "Unconstrained build operations Thread 53" [_thread_blocked, id=33464, stack(0x000000b872100000,0x000000b872200000)]
  0x000002aae1137420 JavaThread "Unconstrained build operations Thread 54" [_thread_blocked, id=29240, stack(0x000000b872200000,0x000000b872300000)]
  0x000002aae1138d70 JavaThread "Unconstrained build operations Thread 55" [_thread_blocked, id=26976, stack(0x000000b872300000,0x000000b872400000)]
  0x000002aae1139280 JavaThread "Unconstrained build operations Thread 56" [_thread_blocked, id=27500, stack(0x000000b872400000,0x000000b872500000)]
  0x000002aae1139ca0 JavaThread "Unconstrained build operations Thread 57" [_thread_blocked, id=32216, stack(0x000000b872500000,0x000000b872600000)]
  0x000002aae113abd0 JavaThread "Unconstrained build operations Thread 58" [_thread_blocked, id=28664, stack(0x000000b872600000,0x000000b872700000)]
  0x000002aae113b0e0 JavaThread "build event listener" [_thread_blocked, id=18132, stack(0x000000b872700000,0x000000b872800000)]
  0x000002aae113a1b0 JavaThread "jar transforms Thread 7" [_thread_blocked, id=20720, stack(0x000000b872800000,0x000000b872900000)]
  0x000002aae11364f0 JavaThread "Unconstrained build operations Thread 59" [_thread_blocked, id=2788, stack(0x000000b872900000,0x000000b872a00000)]
  0x000002aae0f2c900 JavaThread "Unconstrained build operations Thread 60" [_thread_blocked, id=11672, stack(0x000000b872a00000,0x000000b872b00000)]
  0x000002aae0f2dd40 JavaThread "Unconstrained build operations Thread 61" [_thread_blocked, id=22756, stack(0x000000b872c00000,0x000000b872d00000)]
  0x000002aae0f2b4c0 JavaThread "Unconstrained build operations Thread 62" [_thread_blocked, id=24272, stack(0x000000b872d00000,0x000000b872e00000)]
  0x000002aae0f2b9d0 JavaThread "Unconstrained build operations Thread 63" [_thread_blocked, id=14184, stack(0x000000b872e00000,0x000000b872f00000)]
  0x000002aae0f2bee0 JavaThread "Unconstrained build operations Thread 64" [_thread_blocked, id=27776, stack(0x000000b872f00000,0x000000b873000000)]
  0x000002aae0f2ce10 JavaThread "Unconstrained build operations Thread 65" [_thread_blocked, id=20404, stack(0x000000b873000000,0x000000b873100000)]
  0x000002aae0f2e250 JavaThread "Unconstrained build operations Thread 66" [_thread_blocked, id=24036, stack(0x000000b873100000,0x000000b873200000)]
  0x000002aae0f2a080 JavaThread "Unconstrained build operations Thread 67" [_thread_blocked, id=21656, stack(0x000000b873200000,0x000000b873300000)]
  0x000002aae0f2fba0 JavaThread "Unconstrained build operations Thread 68" [_thread_blocked, id=21088, stack(0x000000b873300000,0x000000b873400000)]
  0x000002aae0f305c0 JavaThread "Unconstrained build operations Thread 69" [_thread_blocked, id=34408, stack(0x000000b873400000,0x000000b873500000)]
  0x000002aae0f30ad0 JavaThread "Unconstrained build operations Thread 70" [_thread_blocked, id=23436, stack(0x000000b873500000,0x000000b873600000)]
  0x000002aae0f2c3f0 JavaThread "Unconstrained build operations Thread 71" [_thread_blocked, id=34036, stack(0x000000b873600000,0x000000b873700000)]
  0x000002aae0f2aaa0 JavaThread "Unconstrained build operations Thread 72" [_thread_blocked, id=33880, stack(0x000000b873700000,0x000000b873800000)]
  0x000002aae0f2d320 JavaThread "Unconstrained build operations Thread 73" [_thread_blocked, id=19736, stack(0x000000b873800000,0x000000b873900000)]
  0x000002aae0f2d830 JavaThread "Unconstrained build operations Thread 74" [_thread_blocked, id=15648, stack(0x000000b873900000,0x000000b873a00000)]
  0x000002aae0f2afb0 JavaThread "Unconstrained build operations Thread 75" [_thread_blocked, id=18240, stack(0x000000b873a00000,0x000000b873b00000)]
  0x000002aae0f2ec70 JavaThread "Unconstrained build operations Thread 76" [_thread_blocked, id=17088, stack(0x000000b873b00000,0x000000b873c00000)]
  0x000002aae0f2f180 JavaThread "Unconstrained build operations Thread 77" [_thread_blocked, id=11992, stack(0x000000b873c00000,0x000000b873d00000)]
  0x000002aae1484270 JavaThread "Unconstrained build operations Thread 78" [_thread_blocked, id=15636, stack(0x000000b873d00000,0x000000b873e00000)]
  0x000002aae14865e0 JavaThread "Unconstrained build operations Thread 79" [_thread_blocked, id=29312, stack(0x000000b873e00000,0x000000b873f00000)]
  0x000002aae14814e0 JavaThread "Unconstrained build operations Thread 80" [_thread_blocked, id=15116, stack(0x000000b873f00000,0x000000b874000000)]
  0x000002aae14860d0 JavaThread "Unconstrained build operations Thread 81" [_thread_blocked, id=7316, stack(0x000000b874000000,0x000000b874100000)]
  0x000002aae14819f0 JavaThread "Unconstrained build operations Thread 82" [_thread_blocked, id=2728, stack(0x000000b874100000,0x000000b874200000)]
  0x000002aae1487000 JavaThread "Unconstrained build operations Thread 83" [_thread_blocked, id=28696, stack(0x000000b874200000,0x000000b874300000)]
  0x000002aae1484780 JavaThread "Unconstrained build operations Thread 84" [_thread_blocked, id=26500, stack(0x000000b874300000,0x000000b874400000)]
  0x000002aae1484c90 JavaThread "Unconstrained build operations Thread 85" [_thread_blocked, id=21004, stack(0x000000b874400000,0x000000b874500000)]
  0x000002aae14851a0 JavaThread "Unconstrained build operations Thread 86" [_thread_blocked, id=32180, stack(0x000000b874600000,0x000000b874700000)]
  0x000002aabce626a0 JavaThread "Unconstrained build operations Thread 87" [_thread_blocked, id=20856, stack(0x000000b874800000,0x000000b874900000)]
  0x000002aabce63ae0 JavaThread "Unconstrained build operations Thread 88" [_thread_blocked, id=34248, stack(0x000000b874900000,0x000000b874a00000)]
  0x000002aabce61260 JavaThread "Unconstrained build operations Thread 89" [_thread_blocked, id=17868, stack(0x000000b874b00000,0x000000b874c00000)]
  0x000002aabce62bb0 JavaThread "Unconstrained build operations Thread 90" [_thread_blocked, id=24240, stack(0x000000b874c00000,0x000000b874d00000)]
  0x000002aabce60840 JavaThread "Unconstrained build operations Thread 91" [_thread_blocked, id=12608, stack(0x000000b874d00000,0x000000b874e00000)]
  0x000002aae0bba690 JavaThread "Unconstrained build operations Thread 92" [_thread_blocked, id=2884, stack(0x000000b874e00000,0x000000b874f00000)]
  0x000002aae0bbaba0 JavaThread "Unconstrained build operations Thread 93" [_thread_blocked, id=16708, stack(0x000000b874f00000,0x000000b875000000)]
  0x000002aabce630c0 JavaThread "Unconstrained build operations Thread 94" [_thread_blocked, id=31976, stack(0x000000b875000000,0x000000b875100000)]
  0x000002aae1488440 JavaThread "Unconstrained build operations Thread 95" [_thread_blocked, id=33076, stack(0x000000b875100000,0x000000b875200000)]
  0x000002aaddde6090 JavaThread "Unconstrained build operations Thread 96" [_thread_blocked, id=14096, stack(0x000000b875200000,0x000000b875300000)]
  0x000002aadced9100 JavaThread "Unconstrained build operations Thread 97" [_thread_blocked, id=10640, stack(0x000000b875300000,0x000000b875400000)]
  0x000002aadced8bf0 JavaThread "Unconstrained build operations Thread 98" [_thread_blocked, id=33712, stack(0x000000b875400000,0x000000b875500000)]
  0x000002aadced9610 JavaThread "Unconstrained build operations Thread 99" [_thread_blocked, id=26284, stack(0x000000b875500000,0x000000b875600000)]
  0x000002aadcedaa50 JavaThread "Unconstrained build operations Thread 100" [_thread_blocked, id=23932, stack(0x000000b875600000,0x000000b875700000)]
  0x000002aadced72a0 JavaThread "Unconstrained build operations Thread 101" [_thread_blocked, id=14560, stack(0x000000b875700000,0x000000b875800000)]
  0x000002aadced6d90 JavaThread "Unconstrained build operations Thread 102" [_thread_blocked, id=30536, stack(0x000000b875e00000,0x000000b875f00000)]
  0x000002aadced9b20 JavaThread "Unconstrained build operations Thread 103" [_thread_blocked, id=18712, stack(0x000000b875f00000,0x000000b876000000)]
  0x000002aadced86e0 JavaThread "Unconstrained build operations Thread 104" [_thread_blocked, id=17396, stack(0x000000b876000000,0x000000b876100000)]
  0x000002aadced6880 JavaThread "Unconstrained build operations Thread 105" [_thread_blocked, id=6444, stack(0x000000b876100000,0x000000b876200000)]
  0x000002aadcedd2d0 JavaThread "Unconstrained build operations Thread 106" [_thread_blocked, id=26304, stack(0x000000b876200000,0x000000b876300000)]
  0x000002aadcedaf60 JavaThread "Unconstrained build operations Thread 107" [_thread_blocked, id=18440, stack(0x000000b876300000,0x000000b876400000)]
  0x000002aadced81d0 JavaThread "Unconstrained build operations Thread 108" [_thread_blocked, id=9520, stack(0x000000b876400000,0x000000b876500000)]
  0x000002aadcedc8b0 JavaThread "Unconstrained build operations Thread 109" [_thread_blocked, id=9292, stack(0x000000b876500000,0x000000b876600000)]
  0x000002aadcedb980 JavaThread "Unconstrained build operations Thread 110" [_thread_blocked, id=29956, stack(0x000000b876600000,0x000000b876700000)]
  0x000002aadced7cc0 JavaThread "Unconstrained build operations Thread 111" [_thread_blocked, id=23716, stack(0x000000b876700000,0x000000b876800000)]
  0x000002aadcedbe90 JavaThread "Unconstrained build operations Thread 112" [_thread_blocked, id=8788, stack(0x000000b876800000,0x000000b876900000)]
  0x000002aadcedc3a0 JavaThread "Unconstrained build operations Thread 113" [_thread_blocked, id=13016, stack(0x000000b876900000,0x000000b876a00000)]
  0x000002aadcedcdc0 JavaThread "Unconstrained build operations Thread 114" [_thread_blocked, id=24176, stack(0x000000b876a00000,0x000000b876b00000)]
  0x000002aadced5e60 JavaThread "Unconstrained build operations Thread 115" [_thread_blocked, id=12076, stack(0x000000b876b00000,0x000000b876c00000)]
  0x000002aadcedd7e0 JavaThread "Unconstrained build operations Thread 116" [_thread_blocked, id=27496, stack(0x000000b876c00000,0x000000b876d00000)]
  0x000002aae8d62f70 JavaThread "Unconstrained build operations Thread 117" [_thread_blocked, id=34468, stack(0x000000b876d00000,0x000000b876e00000)]
  0x000002aae8d60c00 JavaThread "Unconstrained build operations Thread 118" [_thread_blocked, id=34120, stack(0x000000b877100000,0x000000b877200000)]
  0x000002aae8d61b30 JavaThread "Unconstrained build operations Thread 119" [_thread_blocked, id=18108, stack(0x000000b877200000,0x000000b877300000)]
  0x000002aae8d5ca30 JavaThread "Unconstrained build operations Thread 120" [_thread_blocked, id=31216, stack(0x000000b877500000,0x000000b877600000)]
  0x000002aae8d5e380 JavaThread "jar transforms Thread 8" [_thread_blocked, id=5660, stack(0x000000b877700000,0x000000b877800000)]
  0x000002aae8d601e0 JavaThread "jar transforms Thread 9" [_thread_blocked, id=22276, stack(0x000000b877800000,0x000000b877900000)]
  0x000002aae8d66210 JavaThread "jar transforms Thread 10" [_thread_blocked, id=29756, stack(0x000000b86eb00000,0x000000b86ec00000)]
  0x000002aae8d67b60 JavaThread "ForkJoinPool.commonPool-worker-43" daemon [_thread_blocked, id=29056, stack(0x000000b877600000,0x000000b877700000)]
  0x000002aae8d606f0 JavaThread "ForkJoinPool.commonPool-worker-44" daemon [_thread_blocked, id=11072, stack(0x000000b877900000,0x000000b877a00000)]
  0x000002aae8d6b820 JavaThread "included builds Thread 2" [_thread_blocked, id=22676, stack(0x000000b877a00000,0x000000b877b00000)]
  0x000002aae8d699c0 JavaThread "Cache worker for execution history cache (C:\Users\yuvak\Desktop\MyApp\android\.gradle\8.7\executionHistory)" [_thread_blocked, id=24656, stack(0x000000b877b00000,0x000000b877c00000)]
  0x000002aae8d69ed0 JavaThread "Exec process Thread 10" [_thread_in_native, id=22924, stack(0x000000b877c00000,0x000000b877d00000)]
  0x000002aae8d6a3e0 JavaThread "Exec process Thread 11" [_thread_in_native, id=30276, stack(0x000000b877d00000,0x000000b877e00000)]
  0x000002aae8d6a8f0 JavaThread "Exec process Thread 12" [_thread_in_native, id=30568, stack(0x000000b877e00000,0x000000b877f00000)]
  0x000002aae8d6bd30 JavaThread "WorkerExecutor Queue Thread 2" [_thread_blocked, id=32108, stack(0x000000b877f00000,0x000000b878000000)]
  0x000002aae0f2a590 JavaThread "WorkerExecutor Queue Thread 3" [_thread_blocked, id=26560, stack(0x000000b878000000,0x000000b878100000)]
  0x000002aaddde7ef0 JavaThread "WorkerExecutor Queue Thread 7" [_thread_blocked, id=28804, stack(0x000000b878500000,0x000000b878600000)]
  0x000002aae0bbd420 JavaThread "WorkerExecutor Queue Thread 8" [_thread_blocked, id=7704, stack(0x000000b878600000,0x000000b878700000)]
  0x000002aadc3af450 JavaThread "WorkerExecutor Queue Thread 9" [_thread_blocked, id=21940, stack(0x000000b878700000,0x000000b878800000)]
  0x000002aae8d652e0 JavaThread "WorkerExecutor Queue Thread 11" [_thread_in_native, id=1812, stack(0x000000b878900000,0x000000b878a00000)]
  0x000002aae1137e40 JavaThread "WorkerExecutor Queue Thread 12" [_thread_blocked, id=33016, stack(0x000000b878a00000,0x000000b878b00000)]
  0x000002aaea877400 JavaThread "WorkerExecutor Queue Thread 13" [_thread_in_native, id=6748, stack(0x000000b878b00000,0x000000b878c00000)]
  0x000002aaea87a6a0 JavaThread "RMI Scheduler(0)" daemon [_thread_blocked, id=5640, stack(0x000000b86e300000,0x000000b86e400000)]
  0x000002aaea87b5d0 JavaThread "RMI RenewClean-[127.0.0.1:17887,org.jetbrains.kotlin.daemon.common.LoopbackNetworkInterface$ClientLoopbackSocketFactory@21e81f5c]" daemon [_thread_blocked, id=1508, stack(0x000000b878c00000,0x000000b878d00000)]
  0x000002aaea879c80 JavaThread "RMI GC Daemon" daemon [_thread_blocked, id=31564, stack(0x000000b878d00000,0x000000b878e00000)]
  0x000002aaea87bae0 JavaThread "RMI TCP Accept-0" daemon [_thread_in_native, id=18020, stack(0x000000b878e00000,0x000000b878f00000)]
  0x000002aaea879770 JavaThread "RMI Reaper" [_thread_blocked, id=12936, stack(0x000000b878f00000,0x000000b879000000)]
  0x000002aaea877910 JavaThread "RMI RenewClean-[127.0.0.1:17887,org.jetbrains.kotlin.daemon.common.LoopbackNetworkInterface$ClientLoopbackSocketFactory@6a4a27dd]" daemon [_thread_blocked, id=25912, stack(0x000000b879100000,0x000000b879200000)]
  0x000002aaea879260 JavaThread "WorkerExecutor Queue Thread 14" [_thread_blocked, id=30040, stack(0x000000b878100000,0x000000b878200000)]
  0x000002aaea87c500 JavaThread "pool-10-thread-1" [_thread_blocked, id=4336, stack(0x000000b879300000,0x000000b879400000)]
  0x000002aaea875090 JavaThread "stderr" [_thread_in_native, id=26716, stack(0x000000b878200000,0x000000b878300000)]
  0x000002aaea87ca10 JavaThread "stdout" [_thread_in_native, id=26688, stack(0x000000b878300000,0x000000b878400000)]
  0x000002aaea878330 JavaThread "RMI TCP Connection(3)-127.0.0.1" daemon [_thread_in_vm, id=9020, stack(0x000000b86e500000,0x000000b86e600000)]

Other Threads:
  0x000002aabce29d50 VMThread "VM Thread" [stack: 0x000000b86a800000,0x000000b86a900000] [id=9688]
  0x000002aa9d2bb1f0 WatcherThread [stack: 0x000000b86b400000,0x000000b86b500000] [id=34028]
  0x000002aa9d2a02a0 GCTaskThread "GC Thread#0" [stack: 0x000000b86a300000,0x000000b86a400000] [id=32872]
  0x000002aadca7bb90 GCTaskThread "GC Thread#1" [stack: 0x000000b86b500000,0x000000b86b600000] [id=1896]
  0x000002aadc90f250 GCTaskThread "GC Thread#2" [stack: 0x000000b86b600000,0x000000b86b700000] [id=30052]
  0x000002aadc4dbe80 GCTaskThread "GC Thread#3" [stack: 0x000000b86b700000,0x000000b86b800000] [id=32952]
  0x000002aadc4dc140 GCTaskThread "GC Thread#4" [stack: 0x000000b86b800000,0x000000b86b900000] [id=25676]
  0x000002aaddb0fa70 GCTaskThread "GC Thread#5" [stack: 0x000000b86c300000,0x000000b86c400000] [id=19712]
  0x000002aaddcbd6c0 GCTaskThread "GC Thread#6" [stack: 0x000000b86c400000,0x000000b86c500000] [id=10024]
  0x000002aaddd60210 GCTaskThread "GC Thread#7" [stack: 0x000000b86c500000,0x000000b86c600000] [id=15164]
  0x000002aaddd4eee0 GCTaskThread "GC Thread#8" [stack: 0x000000b86c600000,0x000000b86c700000] [id=28076]
  0x000002aadda8cc30 GCTaskThread "GC Thread#9" [stack: 0x000000b86c700000,0x000000b86c800000] [id=31156]
  0x000002aa9d2b1100 ConcurrentGCThread "G1 Main Marker" [stack: 0x000000b86a400000,0x000000b86a500000] [id=32752]
  0x000002aa9d2b1a20 ConcurrentGCThread "G1 Conc#0" [stack: 0x000000b86a500000,0x000000b86a600000] [id=22116]
  0x000002aaddfc00b0 ConcurrentGCThread "G1 Conc#1" [stack: 0x000000b86ce00000,0x000000b86cf00000] [id=8968]
  0x000002aadf330010 ConcurrentGCThread "G1 Conc#2" [stack: 0x000000b86cf00000,0x000000b86d000000] [id=33036]
  0x000002aa9d2ee2d0 ConcurrentGCThread "G1 Refine#0" [stack: 0x000000b86a600000,0x000000b86a700000] [id=15472]
  0x000002aade34de60 ConcurrentGCThread "G1 Refine#1" [stack: 0x000000b874a00000,0x000000b874b00000] [id=30492]
  0x000002aadf323bd0 ConcurrentGCThread "G1 Refine#2" [stack: 0x000000b875800000,0x000000b875900000] [id=18732]
  0x000002aadf321b80 ConcurrentGCThread "G1 Refine#3" [stack: 0x000000b875900000,0x000000b875a00000] [id=18508]
  0x000002aadf324a80 ConcurrentGCThread "G1 Refine#4" [stack: 0x000000b875a00000,0x000000b875b00000] [id=25308]
  0x000002aadf3235f0 ConcurrentGCThread "G1 Refine#5" [stack: 0x000000b875b00000,0x000000b875c00000] [id=2856]
  0x000002aadf322450 ConcurrentGCThread "G1 Refine#6" [stack: 0x000000b875c00000,0x000000b875d00000] [id=30236]
  0x000002aadf321e70 ConcurrentGCThread "G1 Refine#7" [stack: 0x000000b875d00000,0x000000b875e00000] [id=25084]
  0x000002aa9d2eeab0 ConcurrentGCThread "G1 Service" [stack: 0x000000b86a700000,0x000000b86a800000] [id=6048]

Threads with active compile tasks:
C2 CompilerThread0  10488901 33690       4       org.gradle.launcher.daemon.context.DefaultDaemonContext$Serializer::read (192 bytes)

VM state: not at safepoint (normal execution)

VM Mutex/Monitor currently owned by a thread: None

Heap address: 0x0000000080000000, size: 2048 MB, Compressed Oops mode: 32-bit

CDS archive(s) mapped at: [0x000002aabd000000-0x000002aabdbd0000-0x000002aabdbd0000), size 12386304, SharedBaseAddress: 0x000002aabd000000, ArchiveRelocationMode: 1.
Compressed class space mapped at: 0x000002aabe000000-0x000002aad8000000, reserved size: 436207616
Narrow klass base: 0x000002aabd000000, Narrow klass shift: 0, Narrow klass range: 0x100000000

GC Precious Log:
 CPUs: 12 total, 12 available
 Memory: 5996M
 Large Page Support: Disabled
 NUMA Support: Disabled
 Compressed Oops: Enabled (32-bit)
 Heap Region Size: 1M
 Heap Min Capacity: 8M
 Heap Initial Capacity: 94M
 Heap Max Capacity: 2G
 Pre-touch: Disabled
 Parallel Workers: 10
 Concurrent Workers: 3
 Concurrent Refinement Workers: 10
 Periodic GC: Disabled

Heap:
 garbage-first heap   total 652288K, used 393526K [0x0000000080000000, 0x0000000100000000)
  region size 1024K, 211 young (216064K), 5 survivors (5120K)
 Metaspace       used 150727K, committed 152448K, reserved 622592K
  class space    used 19609K, committed 20416K, reserved 425984K

Heap Regions: E=young(eden), S=young(survivor), O=old, HS=humongous(starts), HC=humongous(continues), CS=collection set, F=free, OA=open archive, CA=closed archive, TAMS=top-at-mark-start (previous, next)
|   0|0x0000000080000000, 0x0000000080100000, 0x0000000080100000|100%|HS|  |TAMS 0x0000000080100000, 0x0000000080000000| Complete 
|   1|0x0000000080100000, 0x0000000080200000, 0x0000000080200000|100%|HC|  |TAMS 0x0000000080200000, 0x0000000080100000| Complete 
|   2|0x0000000080200000, 0x0000000080300000, 0x0000000080300000|100%|HC|  |TAMS 0x0000000080300000, 0x0000000080200000| Complete 
|   3|0x0000000080300000, 0x0000000080400000, 0x0000000080400000|100%|HC|  |TAMS 0x0000000080400000, 0x0000000080300000| Complete 
|   4|0x0000000080400000, 0x0000000080500000, 0x0000000080500000|100%| O|  |TAMS 0x0000000080500000, 0x0000000080400000| Untracked 
|   5|0x0000000080500000, 0x0000000080600000, 0x0000000080600000|100%| O|  |TAMS 0x0000000080600000, 0x0000000080500000| Untracked 
|   6|0x0000000080600000, 0x0000000080700000, 0x0000000080700000|100%| O|  |TAMS 0x0000000080700000, 0x0000000080600000| Untracked 
|   7|0x0000000080700000, 0x0000000080800000, 0x0000000080800000|100%| O|  |TAMS 0x0000000080800000, 0x0000000080700000| Untracked 
|   8|0x0000000080800000, 0x0000000080900000, 0x0000000080900000|100%| O|  |TAMS 0x0000000080900000, 0x0000000080800000| Untracked 
|   9|0x0000000080900000, 0x0000000080a00000, 0x0000000080a00000|100%| O|  |TAMS 0x0000000080a00000, 0x0000000080900000| Untracked 
|  10|0x0000000080a00000, 0x0000000080b00000, 0x0000000080b00000|100%| O|  |TAMS 0x0000000080b00000, 0x0000000080a00000| Untracked 
|  11|0x0000000080b00000, 0x0000000080c00000, 0x0000000080c00000|100%| O|  |TAMS 0x0000000080c00000, 0x0000000080b00000| Untracked 
|  12|0x0000000080c00000, 0x0000000080d00000, 0x0000000080d00000|100%| O|  |TAMS 0x0000000080d00000, 0x0000000080c00000| Untracked 
|  13|0x0000000080d00000, 0x0000000080e00000, 0x0000000080e00000|100%| O|  |TAMS 0x0000000080e00000, 0x0000000080d00000| Untracked 
|  14|0x0000000080e00000, 0x0000000080f00000, 0x0000000080f00000|100%| O|  |TAMS 0x0000000080f00000, 0x0000000080e00000| Untracked 
|  15|0x0000000080f00000, 0x0000000081000000, 0x0000000081000000|100%| O|  |TAMS 0x0000000081000000, 0x0000000080f00000| Untracked 
|  16|0x0000000081000000, 0x0000000081100000, 0x0000000081100000|100%| O|  |TAMS 0x0000000081100000, 0x0000000081000000| Untracked 
|  17|0x0000000081100000, 0x0000000081200000, 0x0000000081200000|100%| O|  |TAMS 0x0000000081200000, 0x0000000081100000| Untracked 
|  18|0x0000000081200000, 0x0000000081300000, 0x0000000081300000|100%| O|  |TAMS 0x0000000081300000, 0x0000000081200000| Untracked 
|  19|0x0000000081300000, 0x0000000081300000, 0x0000000081400000|  0%| F|  |TAMS 0x0000000081300000, 0x0000000081300000| Untracked 
|  20|0x0000000081400000, 0x0000000081500000, 0x0000000081500000|100%| O|  |TAMS 0x0000000081500000, 0x0000000081400000| Untracked 
|  21|0x0000000081500000, 0x0000000081600000, 0x0000000081600000|100%| O|  |TAMS 0x0000000081600000, 0x0000000081500000| Untracked 
|  22|0x0000000081600000, 0x0000000081700000, 0x0000000081700000|100%| O|  |TAMS 0x0000000081700000, 0x0000000081600000| Untracked 
|  23|0x0000000081700000, 0x0000000081800000, 0x0000000081800000|100%|HS|  |TAMS 0x0000000081800000, 0x0000000081700000| Complete 
|  24|0x0000000081800000, 0x0000000081900000, 0x0000000081900000|100%| O|  |TAMS 0x0000000081900000, 0x0000000081800000| Untracked 
|  25|0x0000000081900000, 0x0000000081a00000, 0x0000000081a00000|100%| O|  |TAMS 0x0000000081a00000, 0x0000000081900000| Untracked 
|  26|0x0000000081a00000, 0x0000000081b00000, 0x0000000081b00000|100%| O|  |TAMS 0x0000000081b00000, 0x0000000081a00000| Untracked 
|  27|0x0000000081b00000, 0x0000000081c00000, 0x0000000081c00000|100%|HS|  |TAMS 0x0000000081c00000, 0x0000000081b00000| Complete 
|  28|0x0000000081c00000, 0x0000000081d00000, 0x0000000081d00000|100%|HC|  |TAMS 0x0000000081d00000, 0x0000000081c00000| Complete 
|  29|0x0000000081d00000, 0x0000000081e00000, 0x0000000081e00000|100%| O|  |TAMS 0x0000000081e00000, 0x0000000081d00000| Untracked 
|  30|0x0000000081e00000, 0x0000000081f00000, 0x0000000081f00000|100%| O|  |TAMS 0x0000000081f00000, 0x0000000081e00000| Untracked 
|  31|0x0000000081f00000, 0x0000000082000000, 0x0000000082000000|100%| O|  |TAMS 0x0000000082000000, 0x0000000081f00000| Untracked 
|  32|0x0000000082000000, 0x0000000082100000, 0x0000000082100000|100%|HS|  |TAMS 0x0000000082100000, 0x0000000082000000| Complete 
|  33|0x0000000082100000, 0x0000000082200000, 0x0000000082200000|100%| O|  |TAMS 0x0000000082200000, 0x0000000082100000| Untracked 
|  34|0x0000000082200000, 0x0000000082300000, 0x0000000082300000|100%| O|  |TAMS 0x0000000082300000, 0x0000000082200000| Untracked 
|  35|0x0000000082300000, 0x0000000082400000, 0x0000000082400000|100%| O|  |TAMS 0x0000000082400000, 0x0000000082300000| Untracked 
|  36|0x0000000082400000, 0x0000000082500000, 0x0000000082500000|100%| O|  |TAMS 0x0000000082500000, 0x0000000082400000| Untracked 
|  37|0x0000000082500000, 0x0000000082600000, 0x0000000082600000|100%|HS|  |TAMS 0x0000000082600000, 0x0000000082500000| Complete 
|  38|0x0000000082600000, 0x0000000082700000, 0x0000000082700000|100%|HC|  |TAMS 0x0000000082700000, 0x0000000082600000| Complete 
|  39|0x0000000082700000, 0x0000000082800000, 0x0000000082800000|100%|HS|  |TAMS 0x0000000082800000, 0x0000000082700000| Complete 
|  40|0x0000000082800000, 0x0000000082900000, 0x0000000082900000|100%|HC|  |TAMS 0x0000000082900000, 0x0000000082800000| Complete 
|  41|0x0000000082900000, 0x0000000082a00000, 0x0000000082a00000|100%|HC|  |TAMS 0x0000000082a00000, 0x0000000082900000| Complete 
|  42|0x0000000082a00000, 0x0000000082b00000, 0x0000000082b00000|100%|HC|  |TAMS 0x0000000082b00000, 0x0000000082a00000| Complete 
|  43|0x0000000082b00000, 0x0000000082b00000, 0x0000000082c00000|  0%| F|  |TAMS 0x0000000082b00000, 0x0000000082b00000| Untracked 
|  44|0x0000000082c00000, 0x0000000082d00000, 0x0000000082d00000|100%| O|  |TAMS 0x0000000082d00000, 0x0000000082c00000| Untracked 
|  45|0x0000000082d00000, 0x0000000082e00000, 0x0000000082e00000|100%|HS|  |TAMS 0x0000000082e00000, 0x0000000082d00000| Complete 
|  46|0x0000000082e00000, 0x0000000082f00000, 0x0000000082f00000|100%|HC|  |TAMS 0x0000000082f00000, 0x0000000082e00000| Complete 
|  47|0x0000000082f00000, 0x0000000083000000, 0x0000000083000000|100%|HC|  |TAMS 0x0000000083000000, 0x0000000082f00000| Complete 
|  48|0x0000000083000000, 0x0000000083100000, 0x0000000083100000|100%|HC|  |TAMS 0x0000000083100000, 0x0000000083000000| Complete 
|  49|0x0000000083100000, 0x0000000083200000, 0x0000000083200000|100%| O|  |TAMS 0x0000000083200000, 0x0000000083100000| Untracked 
|  50|0x0000000083200000, 0x0000000083300000, 0x0000000083300000|100%| O|  |TAMS 0x0000000083300000, 0x0000000083200000| Untracked 
|  51|0x0000000083300000, 0x0000000083400000, 0x0000000083400000|100%| O|  |TAMS 0x0000000083400000, 0x0000000083300000| Untracked 
|  52|0x0000000083400000, 0x0000000083500000, 0x0000000083500000|100%| O|  |TAMS 0x0000000083500000, 0x0000000083400000| Complete 
|  53|0x0000000083500000, 0x0000000083600000, 0x0000000083600000|100%| O|  |TAMS 0x0000000083600000, 0x0000000083500000| Untracked 
|  54|0x0000000083600000, 0x0000000083700000, 0x0000000083700000|100%| O|  |TAMS 0x0000000083700000, 0x0000000083600000| Untracked 
|  55|0x0000000083700000, 0x0000000083800000, 0x0000000083800000|100%| O|  |TAMS 0x0000000083800000, 0x0000000083700000| Untracked 
|  56|0x0000000083800000, 0x0000000083900000, 0x0000000083900000|100%| O|  |TAMS 0x0000000083900000, 0x0000000083800000| Untracked 
|  57|0x0000000083900000, 0x0000000083a00000, 0x0000000083a00000|100%| O|  |TAMS 0x0000000083a00000, 0x0000000083900000| Untracked 
|  58|0x0000000083a00000, 0x0000000083b00000, 0x0000000083b00000|100%| O|  |TAMS 0x0000000083b00000, 0x0000000083a00000| Untracked 
|  59|0x0000000083b00000, 0x0000000083c00000, 0x0000000083c00000|100%| O|  |TAMS 0x0000000083c00000, 0x0000000083b00000| Untracked 
|  60|0x0000000083c00000, 0x0000000083d00000, 0x0000000083d00000|100%| O|  |TAMS 0x0000000083d00000, 0x0000000083c00000| Untracked 
|  61|0x0000000083d00000, 0x0000000083e00000, 0x0000000083e00000|100%| O|  |TAMS 0x0000000083e00000, 0x0000000083d00000| Untracked 
|  62|0x0000000083e00000, 0x0000000083f00000, 0x0000000083f00000|100%| O|  |TAMS 0x0000000083f00000, 0x0000000083e00000| Untracked 
|  63|0x0000000083f00000, 0x0000000084000000, 0x0000000084000000|100%| O|  |TAMS 0x0000000084000000, 0x0000000083f00000| Untracked 
|  64|0x0000000084000000, 0x0000000084100000, 0x0000000084100000|100%| O|  |TAMS 0x0000000084100000, 0x0000000084000000| Untracked 
|  65|0x0000000084100000, 0x0000000084200000, 0x0000000084200000|100%|HS|  |TAMS 0x0000000084200000, 0x0000000084100000| Complete 
|  66|0x0000000084200000, 0x0000000084300000, 0x0000000084300000|100%| O|  |TAMS 0x0000000084300000, 0x0000000084200000| Untracked 
|  67|0x0000000084300000, 0x0000000084400000, 0x0000000084400000|100%| O|  |TAMS 0x0000000084400000, 0x0000000084300000| Untracked 
|  68|0x0000000084400000, 0x0000000084500000, 0x0000000084500000|100%|HS|  |TAMS 0x0000000084500000, 0x0000000084400000| Complete 
|  69|0x0000000084500000, 0x0000000084500000, 0x0000000084600000|  0%| F|  |TAMS 0x0000000084500000, 0x0000000084500000| Untracked 
|  70|0x0000000084600000, 0x0000000084700000, 0x0000000084700000|100%| O|  |TAMS 0x0000000084700000, 0x0000000084600000| Untracked 
|  71|0x0000000084700000, 0x0000000084800000, 0x0000000084800000|100%|HS|  |TAMS 0x0000000084800000, 0x0000000084700000| Complete 
|  72|0x0000000084800000, 0x0000000084900000, 0x0000000084900000|100%|HS|  |TAMS 0x0000000084900000, 0x0000000084800000| Complete 
|  73|0x0000000084900000, 0x0000000084a00000, 0x0000000084a00000|100%|HS|  |TAMS 0x0000000084a00000, 0x0000000084900000| Complete 
|  74|0x0000000084a00000, 0x0000000084b00000, 0x0000000084b00000|100%|HS|  |TAMS 0x0000000084b00000, 0x0000000084a00000| Complete 
|  75|0x0000000084b00000, 0x0000000084c00000, 0x0000000084c00000|100%|HS|  |TAMS 0x0000000084c00000, 0x0000000084b00000| Complete 
|  76|0x0000000084c00000, 0x0000000084d00000, 0x0000000084d00000|100%|HS|  |TAMS 0x0000000084d00000, 0x0000000084c00000| Complete 
|  77|0x0000000084d00000, 0x0000000084e00000, 0x0000000084e00000|100%| O|  |TAMS 0x0000000084e00000, 0x0000000084d00000| Untracked 
|  78|0x0000000084e00000, 0x0000000084f00000, 0x0000000084f00000|100%| O|  |TAMS 0x0000000084f00000, 0x0000000084e00000| Untracked 
|  79|0x0000000084f00000, 0x0000000085000000, 0x0000000085000000|100%| O|  |TAMS 0x0000000085000000, 0x0000000084f00000| Untracked 
|  80|0x0000000085000000, 0x0000000085100000, 0x0000000085100000|100%| O|  |TAMS 0x0000000085100000, 0x0000000085000000| Untracked 
|  81|0x0000000085100000, 0x0000000085200000, 0x0000000085200000|100%| O|  |TAMS 0x0000000085200000, 0x0000000085100000| Untracked 
|  82|0x0000000085200000, 0x0000000085300000, 0x0000000085300000|100%| O|  |TAMS 0x0000000085300000, 0x0000000085200000| Untracked 
|  83|0x0000000085300000, 0x0000000085400000, 0x0000000085400000|100%| O|  |TAMS 0x0000000085400000, 0x0000000085300000| Untracked 
|  84|0x0000000085400000, 0x0000000085500000, 0x0000000085500000|100%| O|  |TAMS 0x0000000085500000, 0x0000000085400000| Untracked 
|  85|0x0000000085500000, 0x0000000085600000, 0x0000000085600000|100%| O|  |TAMS 0x0000000085600000, 0x0000000085500000| Untracked 
|  86|0x0000000085600000, 0x0000000085700000, 0x0000000085700000|100%| O|  |TAMS 0x0000000085700000, 0x0000000085600000| Untracked 
|  87|0x0000000085700000, 0x0000000085800000, 0x0000000085800000|100%| O|  |TAMS 0x0000000085800000, 0x0000000085700000| Untracked 
|  88|0x0000000085800000, 0x0000000085900000, 0x0000000085900000|100%| O|  |TAMS 0x0000000085900000, 0x0000000085800000| Untracked 
|  89|0x0000000085900000, 0x0000000085a00000, 0x0000000085a00000|100%| O|  |TAMS 0x0000000085a00000, 0x0000000085900000| Untracked 
|  90|0x0000000085a00000, 0x0000000085b00000, 0x0000000085b00000|100%| O|  |TAMS 0x0000000085b00000, 0x0000000085a00000| Untracked 
|  91|0x0000000085b00000, 0x0000000085c00000, 0x0000000085c00000|100%| O|  |TAMS 0x0000000085c00000, 0x0000000085b00000| Untracked 
|  92|0x0000000085c00000, 0x0000000085d00000, 0x0000000085d00000|100%| O|  |TAMS 0x0000000085d00000, 0x0000000085c00000| Untracked 
|  93|0x0000000085d00000, 0x0000000085e00000, 0x0000000085e00000|100%| O|  |TAMS 0x0000000085e00000, 0x0000000085d00000| Untracked 
|  94|0x0000000085e00000, 0x0000000085f00000, 0x0000000085f00000|100%| O|  |TAMS 0x0000000085f00000, 0x0000000085e00000| Untracked 
|  95|0x0000000085f00000, 0x0000000086000000, 0x0000000086000000|100%| O|  |TAMS 0x0000000086000000, 0x0000000085f00000| Untracked 
|  96|0x0000000086000000, 0x0000000086100000, 0x0000000086100000|100%| O|  |TAMS 0x0000000086100000, 0x0000000086000000| Untracked 
|  97|0x0000000086100000, 0x0000000086100000, 0x0000000086200000|  0%| F|  |TAMS 0x0000000086100000, 0x0000000086100000| Untracked 
|  98|0x0000000086200000, 0x0000000086300000, 0x0000000086300000|100%| O|  |TAMS 0x0000000086300000, 0x0000000086200000| Untracked 
|  99|0x0000000086300000, 0x0000000086400000, 0x0000000086400000|100%| O|  |TAMS 0x0000000086400000, 0x0000000086300000| Untracked 
| 100|0x0000000086400000, 0x0000000086500000, 0x0000000086500000|100%| O|  |TAMS 0x0000000086500000, 0x0000000086400000| Untracked 
| 101|0x0000000086500000, 0x0000000086600000, 0x0000000086600000|100%| O|  |TAMS 0x0000000086600000, 0x0000000086500000| Untracked 
| 102|0x0000000086600000, 0x0000000086700000, 0x0000000086700000|100%| O|  |TAMS 0x0000000086700000, 0x0000000086600000| Untracked 
| 103|0x0000000086700000, 0x0000000086800000, 0x0000000086800000|100%| O|  |TAMS 0x0000000086800000, 0x0000000086700000| Untracked 
| 104|0x0000000086800000, 0x0000000086900000, 0x0000000086900000|100%| O|  |TAMS 0x0000000086900000, 0x0000000086800000| Untracked 
| 105|0x0000000086900000, 0x0000000086a00000, 0x0000000086a00000|100%| O|  |TAMS 0x0000000086a00000, 0x0000000086900000| Untracked 
| 106|0x0000000086a00000, 0x0000000086b00000, 0x0000000086b00000|100%| O|  |TAMS 0x0000000086b00000, 0x0000000086a00000| Untracked 
| 107|0x0000000086b00000, 0x0000000086c00000, 0x0000000086c00000|100%| O|  |TAMS 0x0000000086c00000, 0x0000000086b00000| Untracked 
| 108|0x0000000086c00000, 0x0000000086d00000, 0x0000000086d00000|100%| O|  |TAMS 0x0000000086d00000, 0x0000000086c00000| Untracked 
| 109|0x0000000086d00000, 0x0000000086e00000, 0x0000000086e00000|100%| O|  |TAMS 0x0000000086e00000, 0x0000000086d00000| Untracked 
| 110|0x0000000086e00000, 0x0000000086f00000, 0x0000000086f00000|100%| O|  |TAMS 0x0000000086f00000, 0x0000000086e00000| Untracked 
| 111|0x0000000086f00000, 0x0000000087000000, 0x0000000087000000|100%| O|  |TAMS 0x0000000087000000, 0x0000000086f00000| Untracked 
| 112|0x0000000087000000, 0x0000000087100000, 0x0000000087100000|100%| O|  |TAMS 0x0000000087100000, 0x0000000087000000| Untracked 
| 113|0x0000000087100000, 0x0000000087200000, 0x0000000087200000|100%| O|  |TAMS 0x0000000087200000, 0x0000000087100000| Untracked 
| 114|0x0000000087200000, 0x0000000087300000, 0x0000000087300000|100%| O|  |TAMS 0x0000000087300000, 0x0000000087200000| Complete 
| 115|0x0000000087300000, 0x0000000087400000, 0x0000000087400000|100%| O|  |TAMS 0x0000000087400000, 0x0000000087300000| Untracked 
| 116|0x0000000087400000, 0x0000000087500000, 0x0000000087500000|100%| O|  |TAMS 0x0000000087500000, 0x0000000087400000| Untracked 
| 117|0x0000000087500000, 0x0000000087600000, 0x0000000087600000|100%| O|  |TAMS 0x0000000087600000, 0x0000000087500000| Untracked 
| 118|0x0000000087600000, 0x0000000087700000, 0x0000000087700000|100%| O|  |TAMS 0x0000000087700000, 0x0000000087600000| Complete 
| 119|0x0000000087700000, 0x0000000087800000, 0x0000000087800000|100%| O|  |TAMS 0x0000000087800000, 0x0000000087700000| Untracked 
| 120|0x0000000087800000, 0x0000000087900000, 0x0000000087900000|100%| O|  |TAMS 0x0000000087900000, 0x0000000087800000| Untracked 
| 121|0x0000000087900000, 0x0000000087a00000, 0x0000000087a00000|100%| O|  |TAMS 0x0000000087a00000, 0x0000000087900000| Untracked 
| 122|0x0000000087a00000, 0x0000000087b00000, 0x0000000087b00000|100%| O|  |TAMS 0x0000000087b00000, 0x0000000087a00000| Untracked 
| 123|0x0000000087b00000, 0x0000000087c00000, 0x0000000087c00000|100%| O|  |TAMS 0x0000000087c00000, 0x0000000087b00000| Untracked 
| 124|0x0000000087c00000, 0x0000000087d00000, 0x0000000087d00000|100%| O|  |TAMS 0x0000000087d00000, 0x0000000087c00000| Untracked 
| 125|0x0000000087d00000, 0x0000000087e00000, 0x0000000087e00000|100%| O|  |TAMS 0x0000000087e00000, 0x0000000087d00000| Untracked 
| 126|0x0000000087e00000, 0x0000000087f00000, 0x0000000087f00000|100%| O|  |TAMS 0x0000000087f00000, 0x0000000087e00000| Untracked 
| 127|0x0000000087f00000, 0x0000000088000000, 0x0000000088000000|100%| O|  |TAMS 0x0000000088000000, 0x0000000087f00000| Untracked 
| 128|0x0000000088000000, 0x0000000088100000, 0x0000000088100000|100%| O|  |TAMS 0x0000000088100000, 0x0000000088000000| Untracked 
| 129|0x0000000088100000, 0x0000000088200000, 0x0000000088200000|100%| O|  |TAMS 0x0000000088200000, 0x0000000088100000| Untracked 
| 130|0x0000000088200000, 0x0000000088300000, 0x0000000088300000|100%| O|  |TAMS 0x0000000088300000, 0x0000000088200000| Untracked 
| 131|0x0000000088300000, 0x0000000088400000, 0x0000000088400000|100%| O|  |TAMS 0x0000000088400000, 0x0000000088300000| Untracked 
| 132|0x0000000088400000, 0x0000000088500000, 0x0000000088500000|100%| O|  |TAMS 0x0000000088500000, 0x0000000088400000| Untracked 
| 133|0x0000000088500000, 0x0000000088600000, 0x0000000088600000|100%| O|  |TAMS 0x0000000088600000, 0x0000000088500000| Untracked 
| 134|0x0000000088600000, 0x0000000088600000, 0x0000000088700000|  0%| F|  |TAMS 0x0000000088600000, 0x0000000088600000| Untracked 
| 135|0x0000000088700000, 0x0000000088800000, 0x0000000088800000|100%| O|  |TAMS 0x0000000088800000, 0x0000000088700000| Complete 
| 136|0x0000000088800000, 0x0000000088900000, 0x0000000088900000|100%| O|  |TAMS 0x0000000088900000, 0x0000000088800000| Untracked 
| 137|0x0000000088900000, 0x0000000088a00000, 0x0000000088a00000|100%| O|  |TAMS 0x0000000088a00000, 0x0000000088900000| Untracked 
| 138|0x0000000088a00000, 0x0000000088b00000, 0x0000000088b00000|100%| O|  |TAMS 0x0000000088b00000, 0x0000000088a00000| Untracked 
| 139|0x0000000088b00000, 0x0000000088c00000, 0x0000000088c00000|100%|HS|  |TAMS 0x0000000088c00000, 0x0000000088b00000| Complete 
| 140|0x0000000088c00000, 0x0000000088d00000, 0x0000000088d00000|100%|HC|  |TAMS 0x0000000088d00000, 0x0000000088c00000| Complete 
| 141|0x0000000088d00000, 0x0000000088e00000, 0x0000000088e00000|100%| O|  |TAMS 0x0000000088e00000, 0x0000000088d00000| Untracked 
| 142|0x0000000088e00000, 0x0000000088f00000, 0x0000000088f00000|100%| O|  |TAMS 0x0000000088f00000, 0x0000000088e00000| Untracked 
| 143|0x0000000088f00000, 0x0000000089000000, 0x0000000089000000|100%| O|  |TAMS 0x0000000089000000, 0x0000000088f00000| Untracked 
| 144|0x0000000089000000, 0x0000000089100000, 0x0000000089100000|100%| O|  |TAMS 0x0000000089100000, 0x0000000089000000| Untracked 
| 145|0x0000000089100000, 0x0000000089200000, 0x0000000089200000|100%| O|  |TAMS 0x0000000089200000, 0x0000000089100000| Untracked 
| 146|0x0000000089200000, 0x0000000089300000, 0x0000000089300000|100%| O|  |TAMS 0x0000000089300000, 0x0000000089200000| Untracked 
| 147|0x0000000089300000, 0x0000000089400000, 0x0000000089400000|100%| O|  |TAMS 0x0000000089400000, 0x0000000089300000| Untracked 
| 148|0x0000000089400000, 0x0000000089500000, 0x0000000089500000|100%| O|  |TAMS 0x0000000089500000, 0x0000000089400000| Untracked 
| 149|0x0000000089500000, 0x0000000089600000, 0x0000000089600000|100%| O|  |TAMS 0x0000000089600000, 0x0000000089500000| Untracked 
| 150|0x0000000089600000, 0x0000000089700000, 0x0000000089700000|100%| O|  |TAMS 0x0000000089700000, 0x0000000089600000| Untracked 
| 151|0x0000000089700000, 0x0000000089800000, 0x0000000089800000|100%| O|  |TAMS 0x0000000089800000, 0x0000000089700000| Untracked 
| 152|0x0000000089800000, 0x0000000089900000, 0x0000000089900000|100%| O|  |TAMS 0x0000000089900000, 0x0000000089800000| Complete 
| 153|0x0000000089900000, 0x0000000089a00000, 0x0000000089a00000|100%| O|  |TAMS 0x0000000089a00000, 0x0000000089900000| Untracked 
| 154|0x0000000089a00000, 0x0000000089b00000, 0x0000000089b00000|100%| O|  |TAMS 0x0000000089b00000, 0x0000000089a00000| Untracked 
| 155|0x0000000089b00000, 0x0000000089c00000, 0x0000000089c00000|100%| O|  |TAMS 0x0000000089c00000, 0x0000000089b00000| Untracked 
| 156|0x0000000089c00000, 0x0000000089d00000, 0x0000000089d00000|100%| O|  |TAMS 0x0000000089d00000, 0x0000000089c00000| Untracked 
| 157|0x0000000089d00000, 0x0000000089e00000, 0x0000000089e00000|100%| O|  |TAMS 0x0000000089e00000, 0x0000000089d00000| Untracked 
| 158|0x0000000089e00000, 0x0000000089f00000, 0x0000000089f00000|100%| O|  |TAMS 0x0000000089f00000, 0x0000000089e00000| Untracked 
| 159|0x0000000089f00000, 0x000000008a000000, 0x000000008a000000|100%| O|  |TAMS 0x000000008a000000, 0x0000000089f00000| Complete 
| 160|0x000000008a000000, 0x000000008a100000, 0x000000008a100000|100%| O|  |TAMS 0x000000008a100000, 0x000000008a000000| Untracked 
| 161|0x000000008a100000, 0x000000008a200000, 0x000000008a200000|100%| O|  |TAMS 0x000000008a200000, 0x000000008a100000| Untracked 
| 162|0x000000008a200000, 0x000000008a300000, 0x000000008a300000|100%| O|  |TAMS 0x000000008a300000, 0x000000008a200000| Untracked 
| 163|0x000000008a300000, 0x000000008a300000, 0x000000008a400000|  0%| F|  |TAMS 0x000000008a300000, 0x000000008a300000| Untracked 
| 164|0x000000008a400000, 0x000000008a500000, 0x000000008a500000|100%| O|  |TAMS 0x000000008a500000, 0x000000008a400000| Untracked 
| 165|0x000000008a500000, 0x000000008a500000, 0x000000008a600000|  0%| F|  |TAMS 0x000000008a500000, 0x000000008a500000| Untracked 
| 166|0x000000008a600000, 0x000000008a700000, 0x000000008a700000|100%| O|  |TAMS 0x000000008a700000, 0x000000008a600000| Untracked 
| 167|0x000000008a700000, 0x000000008a800000, 0x000000008a800000|100%| O|  |TAMS 0x000000008a800000, 0x000000008a700000| Untracked 
| 168|0x000000008a800000, 0x000000008a900000, 0x000000008a900000|100%| O|  |TAMS 0x000000008a900000, 0x000000008a800000| Untracked 
| 169|0x000000008a900000, 0x000000008aa00000, 0x000000008aa00000|100%| O|  |TAMS 0x000000008aa00000, 0x000000008a900000| Untracked 
| 170|0x000000008aa00000, 0x000000008ab00000, 0x000000008ab00000|100%| O|  |TAMS 0x000000008ab00000, 0x000000008aa00000| Untracked 
| 171|0x000000008ab00000, 0x000000008ac00000, 0x000000008ac00000|100%| O|  |TAMS 0x000000008ac00000, 0x000000008ab00000| Untracked 
| 172|0x000000008ac00000, 0x000000008ad00000, 0x000000008ad00000|100%| O|  |TAMS 0x000000008ad00000, 0x000000008ac00000| Untracked 
| 173|0x000000008ad00000, 0x000000008ae00000, 0x000000008ae00000|100%| O|  |TAMS 0x000000008ae00000, 0x000000008ad00000| Untracked 
| 174|0x000000008ae00000, 0x000000008af00000, 0x000000008af00000|100%| O|  |TAMS 0x000000008af00000, 0x000000008ae00000| Untracked 
| 175|0x000000008af00000, 0x000000008b000000, 0x000000008b000000|100%| O|  |TAMS 0x000000008b000000, 0x000000008af00000| Untracked 
| 176|0x000000008b000000, 0x000000008b100000, 0x000000008b100000|100%| O|  |TAMS 0x000000008b100000, 0x000000008b000000| Untracked 
| 177|0x000000008b100000, 0x000000008b200000, 0x000000008b200000|100%| O|  |TAMS 0x000000008b200000, 0x000000008b100000| Untracked 
| 178|0x000000008b200000, 0x000000008b300000, 0x000000008b300000|100%| O|  |TAMS 0x000000008b300000, 0x000000008b200000| Untracked 
| 179|0x000000008b300000, 0x000000008b400000, 0x000000008b400000|100%| O|  |TAMS 0x000000008b400000, 0x000000008b300000| Untracked 
| 180|0x000000008b400000, 0x000000008b500000, 0x000000008b500000|100%| O|  |TAMS 0x000000008b500000, 0x000000008b400000| Untracked 
| 181|0x000000008b500000, 0x000000008b600000, 0x000000008b600000|100%| O|  |TAMS 0x000000008b600000, 0x000000008b500000| Untracked 
| 182|0x000000008b600000, 0x000000008b64d800, 0x000000008b700000| 30%| O|  |TAMS 0x000000008b64d800, 0x000000008b600000| Untracked 
| 183|0x000000008b700000, 0x000000008b700000, 0x000000008b800000|  0%| F|  |TAMS 0x000000008b700000, 0x000000008b700000| Untracked 
| 184|0x000000008b800000, 0x000000008b800000, 0x000000008b900000|  0%| F|  |TAMS 0x000000008b800000, 0x000000008b800000| Untracked 
| 185|0x000000008b900000, 0x000000008b900000, 0x000000008ba00000|  0%| F|  |TAMS 0x000000008b900000, 0x000000008b900000| Untracked 
| 186|0x000000008ba00000, 0x000000008ba00000, 0x000000008bb00000|  0%| F|  |TAMS 0x000000008ba00000, 0x000000008ba00000| Untracked 
| 187|0x000000008bb00000, 0x000000008bb00000, 0x000000008bc00000|  0%| F|  |TAMS 0x000000008bb00000, 0x000000008bb00000| Untracked 
| 188|0x000000008bc00000, 0x000000008bc00000, 0x000000008bd00000|  0%| F|  |TAMS 0x000000008bc00000, 0x000000008bc00000| Untracked 
| 189|0x000000008bd00000, 0x000000008bd00000, 0x000000008be00000|  0%| F|  |TAMS 0x000000008bd00000, 0x000000008bd00000| Untracked 
| 190|0x000000008be00000, 0x000000008be00000, 0x000000008bf00000|  0%| F|  |TAMS 0x000000008be00000, 0x000000008be00000| Untracked 
| 191|0x000000008bf00000, 0x000000008bf00000, 0x000000008c000000|  0%| F|  |TAMS 0x000000008bf00000, 0x000000008bf00000| Untracked 
| 192|0x000000008c000000, 0x000000008c000000, 0x000000008c100000|  0%| F|  |TAMS 0x000000008c000000, 0x000000008c000000| Untracked 
| 193|0x000000008c100000, 0x000000008c100000, 0x000000008c200000|  0%| F|  |TAMS 0x000000008c100000, 0x000000008c100000| Untracked 
| 194|0x000000008c200000, 0x000000008c200000, 0x000000008c300000|  0%| F|  |TAMS 0x000000008c200000, 0x000000008c200000| Untracked 
| 195|0x000000008c300000, 0x000000008c300000, 0x000000008c400000|  0%| F|  |TAMS 0x000000008c300000, 0x000000008c300000| Untracked 
| 196|0x000000008c400000, 0x000000008c400000, 0x000000008c500000|  0%| F|  |TAMS 0x000000008c400000, 0x000000008c400000| Untracked 
| 197|0x000000008c500000, 0x000000008c500000, 0x000000008c600000|  0%| F|  |TAMS 0x000000008c500000, 0x000000008c500000| Untracked 
| 198|0x000000008c600000, 0x000000008c600000, 0x000000008c700000|  0%| F|  |TAMS 0x000000008c600000, 0x000000008c600000| Untracked 
| 199|0x000000008c700000, 0x000000008c700000, 0x000000008c800000|  0%| F|  |TAMS 0x000000008c700000, 0x000000008c700000| Untracked 
| 200|0x000000008c800000, 0x000000008c800000, 0x000000008c900000|  0%| F|  |TAMS 0x000000008c800000, 0x000000008c800000| Untracked 
| 201|0x000000008c900000, 0x000000008c900000, 0x000000008ca00000|  0%| F|  |TAMS 0x000000008c900000, 0x000000008c900000| Untracked 
| 202|0x000000008ca00000, 0x000000008ca00000, 0x000000008cb00000|  0%| F|  |TAMS 0x000000008ca00000, 0x000000008ca00000| Untracked 
| 203|0x000000008cb00000, 0x000000008cb00000, 0x000000008cc00000|  0%| F|  |TAMS 0x000000008cb00000, 0x000000008cb00000| Untracked 
| 204|0x000000008cc00000, 0x000000008cc00000, 0x000000008cd00000|  0%| F|  |TAMS 0x000000008cc00000, 0x000000008cc00000| Untracked 
| 205|0x000000008cd00000, 0x000000008cd00000, 0x000000008ce00000|  0%| F|  |TAMS 0x000000008cd00000, 0x000000008cd00000| Untracked 
| 206|0x000000008ce00000, 0x000000008ce00000, 0x000000008cf00000|  0%| F|  |TAMS 0x000000008ce00000, 0x000000008ce00000| Untracked 
| 207|0x000000008cf00000, 0x000000008cf00000, 0x000000008d000000|  0%| F|  |TAMS 0x000000008cf00000, 0x000000008cf00000| Untracked 
| 208|0x000000008d000000, 0x000000008d000000, 0x000000008d100000|  0%| F|  |TAMS 0x000000008d000000, 0x000000008d000000| Untracked 
| 209|0x000000008d100000, 0x000000008d100000, 0x000000008d200000|  0%| F|  |TAMS 0x000000008d100000, 0x000000008d100000| Untracked 
| 210|0x000000008d200000, 0x000000008d200000, 0x000000008d300000|  0%| F|  |TAMS 0x000000008d200000, 0x000000008d200000| Untracked 
| 211|0x000000008d300000, 0x000000008d300000, 0x000000008d400000|  0%| F|  |TAMS 0x000000008d300000, 0x000000008d300000| Untracked 
| 212|0x000000008d400000, 0x000000008d400000, 0x000000008d500000|  0%| F|  |TAMS 0x000000008d400000, 0x000000008d400000| Untracked 
| 213|0x000000008d500000, 0x000000008d500000, 0x000000008d600000|  0%| F|  |TAMS 0x000000008d500000, 0x000000008d500000| Untracked 
| 214|0x000000008d600000, 0x000000008d600000, 0x000000008d700000|  0%| F|  |TAMS 0x000000008d600000, 0x000000008d600000| Untracked 
| 215|0x000000008d700000, 0x000000008d700000, 0x000000008d800000|  0%| F|  |TAMS 0x000000008d700000, 0x000000008d700000| Untracked 
| 216|0x000000008d800000, 0x000000008d800000, 0x000000008d900000|  0%| F|  |TAMS 0x000000008d800000, 0x000000008d800000| Untracked 
| 217|0x000000008d900000, 0x000000008d900000, 0x000000008da00000|  0%| F|  |TAMS 0x000000008d900000, 0x000000008d900000| Untracked 
| 218|0x000000008da00000, 0x000000008da00000, 0x000000008db00000|  0%| F|  |TAMS 0x000000008da00000, 0x000000008da00000| Untracked 
| 219|0x000000008db00000, 0x000000008db00000, 0x000000008dc00000|  0%| F|  |TAMS 0x000000008db00000, 0x000000008db00000| Untracked 
| 220|0x000000008dc00000, 0x000000008dc00000, 0x000000008dd00000|  0%| F|  |TAMS 0x000000008dc00000, 0x000000008dc00000| Untracked 
| 221|0x000000008dd00000, 0x000000008dd00000, 0x000000008de00000|  0%| F|  |TAMS 0x000000008dd00000, 0x000000008dd00000| Untracked 
| 222|0x000000008de00000, 0x000000008de00000, 0x000000008df00000|  0%| F|  |TAMS 0x000000008de00000, 0x000000008de00000| Untracked 
| 223|0x000000008df00000, 0x000000008df00000, 0x000000008e000000|  0%| F|  |TAMS 0x000000008df00000, 0x000000008df00000| Untracked 
| 224|0x000000008e000000, 0x000000008e000000, 0x000000008e100000|  0%| F|  |TAMS 0x000000008e000000, 0x000000008e000000| Untracked 
| 225|0x000000008e100000, 0x000000008e100000, 0x000000008e200000|  0%| F|  |TAMS 0x000000008e100000, 0x000000008e100000| Untracked 
| 226|0x000000008e200000, 0x000000008e200000, 0x000000008e300000|  0%| F|  |TAMS 0x000000008e200000, 0x000000008e200000| Untracked 
| 227|0x000000008e300000, 0x000000008e300000, 0x000000008e400000|  0%| F|  |TAMS 0x000000008e300000, 0x000000008e300000| Untracked 
| 228|0x000000008e400000, 0x000000008e400000, 0x000000008e500000|  0%| F|  |TAMS 0x000000008e400000, 0x000000008e400000| Untracked 
| 229|0x000000008e500000, 0x000000008e500000, 0x000000008e600000|  0%| F|  |TAMS 0x000000008e500000, 0x000000008e500000| Untracked 
| 230|0x000000008e600000, 0x000000008e600000, 0x000000008e700000|  0%| F|  |TAMS 0x000000008e600000, 0x000000008e600000| Untracked 
| 231|0x000000008e700000, 0x000000008e700000, 0x000000008e800000|  0%| F|  |TAMS 0x000000008e700000, 0x000000008e700000| Untracked 
| 232|0x000000008e800000, 0x000000008e800000, 0x000000008e900000|  0%| F|  |TAMS 0x000000008e800000, 0x000000008e800000| Untracked 
| 233|0x000000008e900000, 0x000000008e900000, 0x000000008ea00000|  0%| F|  |TAMS 0x000000008e900000, 0x000000008e900000| Untracked 
| 234|0x000000008ea00000, 0x000000008ea00000, 0x000000008eb00000|  0%| F|  |TAMS 0x000000008ea00000, 0x000000008ea00000| Untracked 
| 235|0x000000008eb00000, 0x000000008eb00000, 0x000000008ec00000|  0%| F|  |TAMS 0x000000008eb00000, 0x000000008eb00000| Untracked 
| 236|0x000000008ec00000, 0x000000008ec00000, 0x000000008ed00000|  0%| F|  |TAMS 0x000000008ec00000, 0x000000008ec00000| Untracked 
| 237|0x000000008ed00000, 0x000000008ed00000, 0x000000008ee00000|  0%| F|  |TAMS 0x000000008ed00000, 0x000000008ed00000| Untracked 
| 238|0x000000008ee00000, 0x000000008ee00000, 0x000000008ef00000|  0%| F|  |TAMS 0x000000008ee00000, 0x000000008ee00000| Untracked 
| 239|0x000000008ef00000, 0x000000008ef00000, 0x000000008f000000|  0%| F|  |TAMS 0x000000008ef00000, 0x000000008ef00000| Untracked 
| 240|0x000000008f000000, 0x000000008f000000, 0x000000008f100000|  0%| F|  |TAMS 0x000000008f000000, 0x000000008f000000| Untracked 
| 241|0x000000008f100000, 0x000000008f100000, 0x000000008f200000|  0%| F|  |TAMS 0x000000008f100000, 0x000000008f100000| Untracked 
| 242|0x000000008f200000, 0x000000008f200000, 0x000000008f300000|  0%| F|  |TAMS 0x000000008f200000, 0x000000008f200000| Untracked 
| 243|0x000000008f300000, 0x000000008f300000, 0x000000008f400000|  0%| F|  |TAMS 0x000000008f300000, 0x000000008f300000| Untracked 
| 244|0x000000008f400000, 0x000000008f400000, 0x000000008f500000|  0%| F|  |TAMS 0x000000008f400000, 0x000000008f400000| Untracked 
| 245|0x000000008f500000, 0x000000008f500000, 0x000000008f600000|  0%| F|  |TAMS 0x000000008f500000, 0x000000008f500000| Untracked 
| 246|0x000000008f600000, 0x000000008f600000, 0x000000008f700000|  0%| F|  |TAMS 0x000000008f600000, 0x000000008f600000| Untracked 
| 247|0x000000008f700000, 0x000000008f700000, 0x000000008f800000|  0%| F|  |TAMS 0x000000008f700000, 0x000000008f700000| Untracked 
| 248|0x000000008f800000, 0x000000008f800000, 0x000000008f900000|  0%| F|  |TAMS 0x000000008f800000, 0x000000008f800000| Untracked 
| 249|0x000000008f900000, 0x000000008f900000, 0x000000008fa00000|  0%| F|  |TAMS 0x000000008f900000, 0x000000008f900000| Untracked 
| 250|0x000000008fa00000, 0x000000008fa00000, 0x000000008fb00000|  0%| F|  |TAMS 0x000000008fa00000, 0x000000008fa00000| Untracked 
| 251|0x000000008fb00000, 0x000000008fb00000, 0x000000008fc00000|  0%| F|  |TAMS 0x000000008fb00000, 0x000000008fb00000| Untracked 
| 252|0x000000008fc00000, 0x000000008fc00000, 0x000000008fd00000|  0%| F|  |TAMS 0x000000008fc00000, 0x000000008fc00000| Untracked 
| 253|0x000000008fd00000, 0x000000008fd00000, 0x000000008fe00000|  0%| F|  |TAMS 0x000000008fd00000, 0x000000008fd00000| Untracked 
| 254|0x000000008fe00000, 0x000000008fe00000, 0x000000008ff00000|  0%| F|  |TAMS 0x000000008fe00000, 0x000000008fe00000| Untracked 
| 255|0x000000008ff00000, 0x000000008ff00000, 0x0000000090000000|  0%| F|  |TAMS 0x000000008ff00000, 0x000000008ff00000| Untracked 
| 256|0x0000000090000000, 0x0000000090000000, 0x0000000090100000|  0%| F|  |TAMS 0x0000000090000000, 0x0000000090000000| Untracked 
| 257|0x0000000090100000, 0x0000000090100000, 0x0000000090200000|  0%| F|  |TAMS 0x0000000090100000, 0x0000000090100000| Untracked 
| 258|0x0000000090200000, 0x0000000090200000, 0x0000000090300000|  0%| F|  |TAMS 0x0000000090200000, 0x0000000090200000| Untracked 
| 259|0x0000000090300000, 0x0000000090300000, 0x0000000090400000|  0%| F|  |TAMS 0x0000000090300000, 0x0000000090300000| Untracked 
| 260|0x0000000090400000, 0x0000000090400000, 0x0000000090500000|  0%| F|  |TAMS 0x0000000090400000, 0x0000000090400000| Untracked 
| 261|0x0000000090500000, 0x0000000090500000, 0x0000000090600000|  0%| F|  |TAMS 0x0000000090500000, 0x0000000090500000| Untracked 
| 262|0x0000000090600000, 0x0000000090600000, 0x0000000090700000|  0%| F|  |TAMS 0x0000000090600000, 0x0000000090600000| Untracked 
| 263|0x0000000090700000, 0x0000000090700000, 0x0000000090800000|  0%| F|  |TAMS 0x0000000090700000, 0x0000000090700000| Untracked 
| 264|0x0000000090800000, 0x0000000090800000, 0x0000000090900000|  0%| F|  |TAMS 0x0000000090800000, 0x0000000090800000| Untracked 
| 265|0x0000000090900000, 0x0000000090900000, 0x0000000090a00000|  0%| F|  |TAMS 0x0000000090900000, 0x0000000090900000| Untracked 
| 266|0x0000000090a00000, 0x0000000090a00000, 0x0000000090b00000|  0%| F|  |TAMS 0x0000000090a00000, 0x0000000090a00000| Untracked 
| 267|0x0000000090b00000, 0x0000000090b00000, 0x0000000090c00000|  0%| F|  |TAMS 0x0000000090b00000, 0x0000000090b00000| Untracked 
| 268|0x0000000090c00000, 0x0000000090d00000, 0x0000000090d00000|100%| S|CS|TAMS 0x0000000090c00000, 0x0000000090c00000| Complete 
| 269|0x0000000090d00000, 0x0000000090e00000, 0x0000000090e00000|100%| S|CS|TAMS 0x0000000090d00000, 0x0000000090d00000| Complete 
| 270|0x0000000090e00000, 0x0000000090f00000, 0x0000000090f00000|100%| S|CS|TAMS 0x0000000090e00000, 0x0000000090e00000| Complete 
| 271|0x0000000090f00000, 0x0000000091000000, 0x0000000091000000|100%| S|CS|TAMS 0x0000000090f00000, 0x0000000090f00000| Complete 
| 272|0x0000000091000000, 0x0000000091100000, 0x0000000091100000|100%| S|CS|TAMS 0x0000000091000000, 0x0000000091000000| Complete 
| 273|0x0000000091100000, 0x0000000091100000, 0x0000000091200000|  0%| F|  |TAMS 0x0000000091100000, 0x0000000091100000| Untracked 
| 274|0x0000000091200000, 0x0000000091200000, 0x0000000091300000|  0%| F|  |TAMS 0x0000000091200000, 0x0000000091200000| Untracked 
| 275|0x0000000091300000, 0x0000000091300000, 0x0000000091400000|  0%| F|  |TAMS 0x0000000091300000, 0x0000000091300000| Untracked 
| 276|0x0000000091400000, 0x0000000091400000, 0x0000000091500000|  0%| F|  |TAMS 0x0000000091400000, 0x0000000091400000| Untracked 
| 277|0x0000000091500000, 0x0000000091500000, 0x0000000091600000|  0%| F|  |TAMS 0x0000000091500000, 0x0000000091500000| Untracked 
| 278|0x0000000091600000, 0x0000000091600000, 0x0000000091700000|  0%| F|  |TAMS 0x0000000091600000, 0x0000000091600000| Untracked 
| 279|0x0000000091700000, 0x0000000091700000, 0x0000000091800000|  0%| F|  |TAMS 0x0000000091700000, 0x0000000091700000| Untracked 
| 280|0x0000000091800000, 0x0000000091800000, 0x0000000091900000|  0%| F|  |TAMS 0x0000000091800000, 0x0000000091800000| Untracked 
| 281|0x0000000091900000, 0x0000000091900000, 0x0000000091a00000|  0%| F|  |TAMS 0x0000000091900000, 0x0000000091900000| Untracked 
| 282|0x0000000091a00000, 0x0000000091a00000, 0x0000000091b00000|  0%| F|  |TAMS 0x0000000091a00000, 0x0000000091a00000| Untracked 
| 283|0x0000000091b00000, 0x0000000091b00000, 0x0000000091c00000|  0%| F|  |TAMS 0x0000000091b00000, 0x0000000091b00000| Untracked 
| 284|0x0000000091c00000, 0x0000000091c00000, 0x0000000091d00000|  0%| F|  |TAMS 0x0000000091c00000, 0x0000000091c00000| Untracked 
| 285|0x0000000091d00000, 0x0000000091d00000, 0x0000000091e00000|  0%| F|  |TAMS 0x0000000091d00000, 0x0000000091d00000| Untracked 
| 286|0x0000000091e00000, 0x0000000091e00000, 0x0000000091f00000|  0%| F|  |TAMS 0x0000000091e00000, 0x0000000091e00000| Untracked 
| 287|0x0000000091f00000, 0x0000000091f00000, 0x0000000092000000|  0%| F|  |TAMS 0x0000000091f00000, 0x0000000091f00000| Untracked 
| 288|0x0000000092000000, 0x0000000092000000, 0x0000000092100000|  0%| F|  |TAMS 0x0000000092000000, 0x0000000092000000| Untracked 
| 289|0x0000000092100000, 0x0000000092100000, 0x0000000092200000|  0%| F|  |TAMS 0x0000000092100000, 0x0000000092100000| Untracked 
| 290|0x0000000092200000, 0x0000000092200000, 0x0000000092300000|  0%| F|  |TAMS 0x0000000092200000, 0x0000000092200000| Untracked 
| 291|0x0000000092300000, 0x0000000092300000, 0x0000000092400000|  0%| F|  |TAMS 0x0000000092300000, 0x0000000092300000| Untracked 
| 292|0x0000000092400000, 0x0000000092400000, 0x0000000092500000|  0%| F|  |TAMS 0x0000000092400000, 0x0000000092400000| Untracked 
| 293|0x0000000092500000, 0x0000000092500000, 0x0000000092600000|  0%| F|  |TAMS 0x0000000092500000, 0x0000000092500000| Untracked 
| 294|0x0000000092600000, 0x0000000092600000, 0x0000000092700000|  0%| F|  |TAMS 0x0000000092600000, 0x0000000092600000| Untracked 
| 295|0x0000000092700000, 0x0000000092700000, 0x0000000092800000|  0%| F|  |TAMS 0x0000000092700000, 0x0000000092700000| Untracked 
| 296|0x0000000092800000, 0x0000000092800000, 0x0000000092900000|  0%| F|  |TAMS 0x0000000092800000, 0x0000000092800000| Untracked 
| 297|0x0000000092900000, 0x0000000092900000, 0x0000000092a00000|  0%| F|  |TAMS 0x0000000092900000, 0x0000000092900000| Untracked 
| 298|0x0000000092a00000, 0x0000000092a00000, 0x0000000092b00000|  0%| F|  |TAMS 0x0000000092a00000, 0x0000000092a00000| Untracked 
| 299|0x0000000092b00000, 0x0000000092b00000, 0x0000000092c00000|  0%| F|  |TAMS 0x0000000092b00000, 0x0000000092b00000| Untracked 
| 300|0x0000000092c00000, 0x0000000092c00000, 0x0000000092d00000|  0%| F|  |TAMS 0x0000000092c00000, 0x0000000092c00000| Untracked 
| 301|0x0000000092d00000, 0x0000000092d00000, 0x0000000092e00000|  0%| F|  |TAMS 0x0000000092d00000, 0x0000000092d00000| Untracked 
| 302|0x0000000092e00000, 0x0000000092e00000, 0x0000000092f00000|  0%| F|  |TAMS 0x0000000092e00000, 0x0000000092e00000| Untracked 
| 303|0x0000000092f00000, 0x0000000092f00000, 0x0000000093000000|  0%| F|  |TAMS 0x0000000092f00000, 0x0000000092f00000| Untracked 
| 304|0x0000000093000000, 0x0000000093000000, 0x0000000093100000|  0%| F|  |TAMS 0x0000000093000000, 0x0000000093000000| Untracked 
| 305|0x0000000093100000, 0x0000000093100000, 0x0000000093200000|  0%| F|  |TAMS 0x0000000093100000, 0x0000000093100000| Untracked 
| 306|0x0000000093200000, 0x0000000093200000, 0x0000000093300000|  0%| F|  |TAMS 0x0000000093200000, 0x0000000093200000| Untracked 
| 307|0x0000000093300000, 0x0000000093300000, 0x0000000093400000|  0%| F|  |TAMS 0x0000000093300000, 0x0000000093300000| Untracked 
| 308|0x0000000093400000, 0x0000000093400000, 0x0000000093500000|  0%| F|  |TAMS 0x0000000093400000, 0x0000000093400000| Untracked 
| 309|0x0000000093500000, 0x0000000093500000, 0x0000000093600000|  0%| F|  |TAMS 0x0000000093500000, 0x0000000093500000| Untracked 
| 310|0x0000000093600000, 0x0000000093600000, 0x0000000093700000|  0%| F|  |TAMS 0x0000000093600000, 0x0000000093600000| Untracked 
| 311|0x0000000093700000, 0x0000000093700000, 0x0000000093800000|  0%| F|  |TAMS 0x0000000093700000, 0x0000000093700000| Untracked 
| 312|0x0000000093800000, 0x0000000093800000, 0x0000000093900000|  0%| F|  |TAMS 0x0000000093800000, 0x0000000093800000| Untracked 
| 313|0x0000000093900000, 0x0000000093900000, 0x0000000093a00000|  0%| F|  |TAMS 0x0000000093900000, 0x0000000093900000| Untracked 
| 314|0x0000000093a00000, 0x0000000093a00000, 0x0000000093b00000|  0%| F|  |TAMS 0x0000000093a00000, 0x0000000093a00000| Untracked 
| 315|0x0000000093b00000, 0x0000000093b00000, 0x0000000093c00000|  0%| F|  |TAMS 0x0000000093b00000, 0x0000000093b00000| Untracked 
| 316|0x0000000093c00000, 0x0000000093c00000, 0x0000000093d00000|  0%| F|  |TAMS 0x0000000093c00000, 0x0000000093c00000| Untracked 
| 317|0x0000000093d00000, 0x0000000093d00000, 0x0000000093e00000|  0%| F|  |TAMS 0x0000000093d00000, 0x0000000093d00000| Untracked 
| 318|0x0000000093e00000, 0x0000000093e00000, 0x0000000093f00000|  0%| F|  |TAMS 0x0000000093e00000, 0x0000000093e00000| Untracked 
| 319|0x0000000093f00000, 0x0000000093f00000, 0x0000000094000000|  0%| F|  |TAMS 0x0000000093f00000, 0x0000000093f00000| Untracked 
| 320|0x0000000094000000, 0x0000000094000000, 0x0000000094100000|  0%| F|  |TAMS 0x0000000094000000, 0x0000000094000000| Untracked 
| 321|0x0000000094100000, 0x0000000094100000, 0x0000000094200000|  0%| F|  |TAMS 0x0000000094100000, 0x0000000094100000| Untracked 
| 322|0x0000000094200000, 0x0000000094200000, 0x0000000094300000|  0%| F|  |TAMS 0x0000000094200000, 0x0000000094200000| Untracked 
| 323|0x0000000094300000, 0x0000000094300000, 0x0000000094400000|  0%| F|  |TAMS 0x0000000094300000, 0x0000000094300000| Untracked 
| 324|0x0000000094400000, 0x0000000094400000, 0x0000000094500000|  0%| F|  |TAMS 0x0000000094400000, 0x0000000094400000| Untracked 
| 325|0x0000000094500000, 0x0000000094500000, 0x0000000094600000|  0%| F|  |TAMS 0x0000000094500000, 0x0000000094500000| Untracked 
| 326|0x0000000094600000, 0x0000000094600000, 0x0000000094700000|  0%| F|  |TAMS 0x0000000094600000, 0x0000000094600000| Untracked 
| 327|0x0000000094700000, 0x0000000094700000, 0x0000000094800000|  0%| F|  |TAMS 0x0000000094700000, 0x0000000094700000| Untracked 
| 328|0x0000000094800000, 0x0000000094800000, 0x0000000094900000|  0%| F|  |TAMS 0x0000000094800000, 0x0000000094800000| Untracked 
| 329|0x0000000094900000, 0x0000000094900000, 0x0000000094a00000|  0%| F|  |TAMS 0x0000000094900000, 0x0000000094900000| Untracked 
| 330|0x0000000094a00000, 0x0000000094a00000, 0x0000000094b00000|  0%| F|  |TAMS 0x0000000094a00000, 0x0000000094a00000| Untracked 
| 331|0x0000000094b00000, 0x0000000094b00000, 0x0000000094c00000|  0%| F|  |TAMS 0x0000000094b00000, 0x0000000094b00000| Untracked 
| 332|0x0000000094c00000, 0x0000000094c00000, 0x0000000094d00000|  0%| F|  |TAMS 0x0000000094c00000, 0x0000000094c00000| Untracked 
| 333|0x0000000094d00000, 0x0000000094d00000, 0x0000000094e00000|  0%| F|  |TAMS 0x0000000094d00000, 0x0000000094d00000| Untracked 
| 334|0x0000000094e00000, 0x0000000094e00000, 0x0000000094f00000|  0%| F|  |TAMS 0x0000000094e00000, 0x0000000094e00000| Untracked 
| 335|0x0000000094f00000, 0x0000000094f00000, 0x0000000095000000|  0%| F|  |TAMS 0x0000000094f00000, 0x0000000094f00000| Untracked 
| 336|0x0000000095000000, 0x0000000095000000, 0x0000000095100000|  0%| F|  |TAMS 0x0000000095000000, 0x0000000095000000| Untracked 
| 337|0x0000000095100000, 0x0000000095100000, 0x0000000095200000|  0%| F|  |TAMS 0x0000000095100000, 0x0000000095100000| Untracked 
| 338|0x0000000095200000, 0x0000000095200000, 0x0000000095300000|  0%| F|  |TAMS 0x0000000095200000, 0x0000000095200000| Untracked 
| 339|0x0000000095300000, 0x0000000095300000, 0x0000000095400000|  0%| F|  |TAMS 0x0000000095300000, 0x0000000095300000| Untracked 
| 340|0x0000000095400000, 0x0000000095400000, 0x0000000095500000|  0%| F|  |TAMS 0x0000000095400000, 0x0000000095400000| Untracked 
| 341|0x0000000095500000, 0x0000000095500000, 0x0000000095600000|  0%| F|  |TAMS 0x0000000095500000, 0x0000000095500000| Untracked 
| 342|0x0000000095600000, 0x0000000095600000, 0x0000000095700000|  0%| F|  |TAMS 0x0000000095600000, 0x0000000095600000| Untracked 
| 343|0x0000000095700000, 0x0000000095700000, 0x0000000095800000|  0%| F|  |TAMS 0x0000000095700000, 0x0000000095700000| Untracked 
| 344|0x0000000095800000, 0x0000000095800000, 0x0000000095900000|  0%| F|  |TAMS 0x0000000095800000, 0x0000000095800000| Untracked 
| 345|0x0000000095900000, 0x0000000095900000, 0x0000000095a00000|  0%| F|  |TAMS 0x0000000095900000, 0x0000000095900000| Untracked 
| 346|0x0000000095a00000, 0x0000000095a00000, 0x0000000095b00000|  0%| F|  |TAMS 0x0000000095a00000, 0x0000000095a00000| Untracked 
| 347|0x0000000095b00000, 0x0000000095b00000, 0x0000000095c00000|  0%| F|  |TAMS 0x0000000095b00000, 0x0000000095b00000| Untracked 
| 348|0x0000000095c00000, 0x0000000095c00000, 0x0000000095d00000|  0%| F|  |TAMS 0x0000000095c00000, 0x0000000095c00000| Untracked 
| 349|0x0000000095d00000, 0x0000000095d00000, 0x0000000095e00000|  0%| F|  |TAMS 0x0000000095d00000, 0x0000000095d00000| Untracked 
| 350|0x0000000095e00000, 0x0000000095e00000, 0x0000000095f00000|  0%| F|  |TAMS 0x0000000095e00000, 0x0000000095e00000| Untracked 
| 351|0x0000000095f00000, 0x0000000095f00000, 0x0000000096000000|  0%| F|  |TAMS 0x0000000095f00000, 0x0000000095f00000| Untracked 
| 352|0x0000000096000000, 0x0000000096000000, 0x0000000096100000|  0%| F|  |TAMS 0x0000000096000000, 0x0000000096000000| Untracked 
| 353|0x0000000096100000, 0x0000000096100000, 0x0000000096200000|  0%| F|  |TAMS 0x0000000096100000, 0x0000000096100000| Untracked 
| 354|0x0000000096200000, 0x0000000096200000, 0x0000000096300000|  0%| F|  |TAMS 0x0000000096200000, 0x0000000096200000| Untracked 
| 355|0x0000000096300000, 0x0000000096300000, 0x0000000096400000|  0%| F|  |TAMS 0x0000000096300000, 0x0000000096300000| Untracked 
| 356|0x0000000096400000, 0x0000000096400000, 0x0000000096500000|  0%| F|  |TAMS 0x0000000096400000, 0x0000000096400000| Untracked 
| 357|0x0000000096500000, 0x0000000096500000, 0x0000000096600000|  0%| F|  |TAMS 0x0000000096500000, 0x0000000096500000| Untracked 
| 358|0x0000000096600000, 0x0000000096600000, 0x0000000096700000|  0%| F|  |TAMS 0x0000000096600000, 0x0000000096600000| Untracked 
| 359|0x0000000096700000, 0x0000000096700000, 0x0000000096800000|  0%| F|  |TAMS 0x0000000096700000, 0x0000000096700000| Untracked 
| 360|0x0000000096800000, 0x0000000096800000, 0x0000000096900000|  0%| F|  |TAMS 0x0000000096800000, 0x0000000096800000| Untracked 
| 361|0x0000000096900000, 0x0000000096900000, 0x0000000096a00000|  0%| F|  |TAMS 0x0000000096900000, 0x0000000096900000| Untracked 
| 362|0x0000000096a00000, 0x0000000096a00000, 0x0000000096b00000|  0%| F|  |TAMS 0x0000000096a00000, 0x0000000096a00000| Untracked 
| 363|0x0000000096b00000, 0x0000000096b00000, 0x0000000096c00000|  0%| F|  |TAMS 0x0000000096b00000, 0x0000000096b00000| Untracked 
| 364|0x0000000096c00000, 0x0000000096c00000, 0x0000000096d00000|  0%| F|  |TAMS 0x0000000096c00000, 0x0000000096c00000| Untracked 
| 365|0x0000000096d00000, 0x0000000096d00000, 0x0000000096e00000|  0%| F|  |TAMS 0x0000000096d00000, 0x0000000096d00000| Untracked 
| 366|0x0000000096e00000, 0x0000000096e00000, 0x0000000096f00000|  0%| F|  |TAMS 0x0000000096e00000, 0x0000000096e00000| Untracked 
| 367|0x0000000096f00000, 0x0000000096f00000, 0x0000000097000000|  0%| F|  |TAMS 0x0000000096f00000, 0x0000000096f00000| Untracked 
| 368|0x0000000097000000, 0x0000000097000000, 0x0000000097100000|  0%| F|  |TAMS 0x0000000097000000, 0x0000000097000000| Untracked 
| 369|0x0000000097100000, 0x0000000097100000, 0x0000000097200000|  0%| F|  |TAMS 0x0000000097100000, 0x0000000097100000| Untracked 
| 370|0x0000000097200000, 0x0000000097200000, 0x0000000097300000|  0%| F|  |TAMS 0x0000000097200000, 0x0000000097200000| Untracked 
| 371|0x0000000097300000, 0x0000000097300000, 0x0000000097400000|  0%| F|  |TAMS 0x0000000097300000, 0x0000000097300000| Untracked 
| 372|0x0000000097400000, 0x0000000097400000, 0x0000000097500000|  0%| F|  |TAMS 0x0000000097400000, 0x0000000097400000| Untracked 
| 373|0x0000000097500000, 0x0000000097500000, 0x0000000097600000|  0%| F|  |TAMS 0x0000000097500000, 0x0000000097500000| Untracked 
| 374|0x0000000097600000, 0x0000000097600000, 0x0000000097700000|  0%| F|  |TAMS 0x0000000097600000, 0x0000000097600000| Untracked 
| 375|0x0000000097700000, 0x0000000097700000, 0x0000000097800000|  0%| F|  |TAMS 0x0000000097700000, 0x0000000097700000| Untracked 
| 376|0x0000000097800000, 0x0000000097800000, 0x0000000097900000|  0%| F|  |TAMS 0x0000000097800000, 0x0000000097800000| Untracked 
| 377|0x0000000097900000, 0x0000000097900000, 0x0000000097a00000|  0%| F|  |TAMS 0x0000000097900000, 0x0000000097900000| Untracked 
| 378|0x0000000097a00000, 0x0000000097a00000, 0x0000000097b00000|  0%| F|  |TAMS 0x0000000097a00000, 0x0000000097a00000| Untracked 
| 379|0x0000000097b00000, 0x0000000097b00000, 0x0000000097c00000|  0%| F|  |TAMS 0x0000000097b00000, 0x0000000097b00000| Untracked 
| 380|0x0000000097c00000, 0x0000000097c00000, 0x0000000097d00000|  0%| F|  |TAMS 0x0000000097c00000, 0x0000000097c00000| Untracked 
| 381|0x0000000097d00000, 0x0000000097d00000, 0x0000000097e00000|  0%| F|  |TAMS 0x0000000097d00000, 0x0000000097d00000| Untracked 
| 382|0x0000000097e00000, 0x0000000097e00000, 0x0000000097f00000|  0%| F|  |TAMS 0x0000000097e00000, 0x0000000097e00000| Untracked 
| 383|0x0000000097f00000, 0x0000000097f00000, 0x0000000098000000|  0%| F|  |TAMS 0x0000000097f00000, 0x0000000097f00000| Untracked 
| 384|0x0000000098000000, 0x0000000098000000, 0x0000000098100000|  0%| F|  |TAMS 0x0000000098000000, 0x0000000098000000| Untracked 
| 385|0x0000000098100000, 0x0000000098100000, 0x0000000098200000|  0%| F|  |TAMS 0x0000000098100000, 0x0000000098100000| Untracked 
| 386|0x0000000098200000, 0x0000000098200000, 0x0000000098300000|  0%| F|  |TAMS 0x0000000098200000, 0x0000000098200000| Untracked 
| 387|0x0000000098300000, 0x0000000098300000, 0x0000000098400000|  0%| F|  |TAMS 0x0000000098300000, 0x0000000098300000| Untracked 
| 388|0x0000000098400000, 0x0000000098400000, 0x0000000098500000|  0%| F|  |TAMS 0x0000000098400000, 0x0000000098400000| Untracked 
| 389|0x0000000098500000, 0x0000000098500000, 0x0000000098600000|  0%| F|  |TAMS 0x0000000098500000, 0x0000000098500000| Untracked 
| 390|0x0000000098600000, 0x0000000098600000, 0x0000000098700000|  0%| F|  |TAMS 0x0000000098600000, 0x0000000098600000| Untracked 
| 391|0x0000000098700000, 0x0000000098700000, 0x0000000098800000|  0%| F|  |TAMS 0x0000000098700000, 0x0000000098700000| Untracked 
| 392|0x0000000098800000, 0x0000000098800000, 0x0000000098900000|  0%| F|  |TAMS 0x0000000098800000, 0x0000000098800000| Untracked 
| 393|0x0000000098900000, 0x0000000098900000, 0x0000000098a00000|  0%| F|  |TAMS 0x0000000098900000, 0x0000000098900000| Untracked 
| 394|0x0000000098a00000, 0x0000000098a00000, 0x0000000098b00000|  0%| F|  |TAMS 0x0000000098a00000, 0x0000000098a00000| Untracked 
| 395|0x0000000098b00000, 0x0000000098b00000, 0x0000000098c00000|  0%| F|  |TAMS 0x0000000098b00000, 0x0000000098b00000| Untracked 
| 396|0x0000000098c00000, 0x0000000098c00000, 0x0000000098d00000|  0%| F|  |TAMS 0x0000000098c00000, 0x0000000098c00000| Untracked 
| 397|0x0000000098d00000, 0x0000000098d00000, 0x0000000098e00000|  0%| F|  |TAMS 0x0000000098d00000, 0x0000000098d00000| Untracked 
| 398|0x0000000098e00000, 0x0000000098e00000, 0x0000000098f00000|  0%| F|  |TAMS 0x0000000098e00000, 0x0000000098e00000| Untracked 
| 399|0x0000000098f00000, 0x0000000098f00000, 0x0000000099000000|  0%| F|  |TAMS 0x0000000098f00000, 0x0000000098f00000| Untracked 
| 400|0x0000000099000000, 0x0000000099000000, 0x0000000099100000|  0%| F|  |TAMS 0x0000000099000000, 0x0000000099000000| Untracked 
| 401|0x0000000099100000, 0x0000000099100000, 0x0000000099200000|  0%| F|  |TAMS 0x0000000099100000, 0x0000000099100000| Untracked 
| 402|0x0000000099200000, 0x0000000099200000, 0x0000000099300000|  0%| F|  |TAMS 0x0000000099200000, 0x0000000099200000| Untracked 
| 403|0x0000000099300000, 0x0000000099300000, 0x0000000099400000|  0%| F|  |TAMS 0x0000000099300000, 0x0000000099300000| Untracked 
| 404|0x0000000099400000, 0x0000000099400000, 0x0000000099500000|  0%| F|  |TAMS 0x0000000099400000, 0x0000000099400000| Untracked 
| 405|0x0000000099500000, 0x0000000099500000, 0x0000000099600000|  0%| F|  |TAMS 0x0000000099500000, 0x0000000099500000| Untracked 
| 406|0x0000000099600000, 0x0000000099600000, 0x0000000099700000|  0%| F|  |TAMS 0x0000000099600000, 0x0000000099600000| Untracked 
| 407|0x0000000099700000, 0x0000000099700000, 0x0000000099800000|  0%| F|  |TAMS 0x0000000099700000, 0x0000000099700000| Untracked 
| 408|0x0000000099800000, 0x0000000099800000, 0x0000000099900000|  0%| F|  |TAMS 0x0000000099800000, 0x0000000099800000| Untracked 
| 409|0x0000000099900000, 0x0000000099900000, 0x0000000099a00000|  0%| F|  |TAMS 0x0000000099900000, 0x0000000099900000| Untracked 
| 410|0x0000000099a00000, 0x0000000099a00000, 0x0000000099b00000|  0%| F|  |TAMS 0x0000000099a00000, 0x0000000099a00000| Untracked 
| 411|0x0000000099b00000, 0x0000000099b00000, 0x0000000099c00000|  0%| F|  |TAMS 0x0000000099b00000, 0x0000000099b00000| Untracked 
| 412|0x0000000099c00000, 0x0000000099c00000, 0x0000000099d00000|  0%| F|  |TAMS 0x0000000099c00000, 0x0000000099c00000| Untracked 
| 413|0x0000000099d00000, 0x0000000099d00000, 0x0000000099e00000|  0%| F|  |TAMS 0x0000000099d00000, 0x0000000099d00000| Untracked 
| 414|0x0000000099e00000, 0x0000000099e00000, 0x0000000099f00000|  0%| F|  |TAMS 0x0000000099e00000, 0x0000000099e00000| Untracked 
| 415|0x0000000099f00000, 0x0000000099f00000, 0x000000009a000000|  0%| F|  |TAMS 0x0000000099f00000, 0x0000000099f00000| Untracked 
| 416|0x000000009a000000, 0x000000009a000000, 0x000000009a100000|  0%| F|  |TAMS 0x000000009a000000, 0x000000009a000000| Untracked 
| 417|0x000000009a100000, 0x000000009a100000, 0x000000009a200000|  0%| F|  |TAMS 0x000000009a100000, 0x000000009a100000| Untracked 
| 418|0x000000009a200000, 0x000000009a200000, 0x000000009a300000|  0%| F|  |TAMS 0x000000009a200000, 0x000000009a200000| Untracked 
| 419|0x000000009a300000, 0x000000009a300000, 0x000000009a400000|  0%| F|  |TAMS 0x000000009a300000, 0x000000009a300000| Untracked 
| 420|0x000000009a400000, 0x000000009a400000, 0x000000009a500000|  0%| F|  |TAMS 0x000000009a400000, 0x000000009a400000| Untracked 
| 421|0x000000009a500000, 0x000000009a500000, 0x000000009a600000|  0%| F|  |TAMS 0x000000009a500000, 0x000000009a500000| Untracked 
| 422|0x000000009a600000, 0x000000009a600000, 0x000000009a700000|  0%| F|  |TAMS 0x000000009a600000, 0x000000009a600000| Untracked 
| 423|0x000000009a700000, 0x000000009a700000, 0x000000009a800000|  0%| F|  |TAMS 0x000000009a700000, 0x000000009a700000| Untracked 
| 424|0x000000009a800000, 0x000000009a800000, 0x000000009a900000|  0%| F|  |TAMS 0x000000009a800000, 0x000000009a800000| Untracked 
| 425|0x000000009a900000, 0x000000009a900000, 0x000000009aa00000|  0%| F|  |TAMS 0x000000009a900000, 0x000000009a900000| Untracked 
| 426|0x000000009aa00000, 0x000000009aa00000, 0x000000009ab00000|  0%| F|  |TAMS 0x000000009aa00000, 0x000000009aa00000| Untracked 
| 427|0x000000009ab00000, 0x000000009ab00000, 0x000000009ac00000|  0%| F|  |TAMS 0x000000009ab00000, 0x000000009ab00000| Untracked 
| 428|0x000000009ac00000, 0x000000009ac00000, 0x000000009ad00000|  0%| F|  |TAMS 0x000000009ac00000, 0x000000009ac00000| Untracked 
| 429|0x000000009ad00000, 0x000000009ad00000, 0x000000009ae00000|  0%| F|  |TAMS 0x000000009ad00000, 0x000000009ad00000| Untracked 
| 430|0x000000009ae00000, 0x000000009ae00000, 0x000000009af00000|  0%| F|  |TAMS 0x000000009ae00000, 0x000000009ae00000| Untracked 
| 431|0x000000009af00000, 0x000000009af68088, 0x000000009b000000| 40%| E|  |TAMS 0x000000009af00000, 0x000000009af00000| Complete 
| 432|0x000000009b000000, 0x000000009b100000, 0x000000009b100000|100%| E|CS|TAMS 0x000000009b000000, 0x000000009b000000| Complete 
| 433|0x000000009b100000, 0x000000009b200000, 0x000000009b200000|100%| E|CS|TAMS 0x000000009b100000, 0x000000009b100000| Complete 
| 434|0x000000009b200000, 0x000000009b300000, 0x000000009b300000|100%| E|CS|TAMS 0x000000009b200000, 0x000000009b200000| Complete 
| 435|0x000000009b300000, 0x000000009b400000, 0x000000009b400000|100%| E|CS|TAMS 0x000000009b300000, 0x000000009b300000| Complete 
| 436|0x000000009b400000, 0x000000009b500000, 0x000000009b500000|100%| E|CS|TAMS 0x000000009b400000, 0x000000009b400000| Complete 
| 437|0x000000009b500000, 0x000000009b600000, 0x000000009b600000|100%| E|CS|TAMS 0x000000009b500000, 0x000000009b500000| Complete 
| 438|0x000000009b600000, 0x000000009b700000, 0x000000009b700000|100%| E|CS|TAMS 0x000000009b600000, 0x000000009b600000| Complete 
| 439|0x000000009b700000, 0x000000009b800000, 0x000000009b800000|100%| E|CS|TAMS 0x000000009b700000, 0x000000009b700000| Complete 
| 440|0x000000009b800000, 0x000000009b900000, 0x000000009b900000|100%| E|CS|TAMS 0x000000009b800000, 0x000000009b800000| Complete 
| 441|0x000000009b900000, 0x000000009ba00000, 0x000000009ba00000|100%| E|CS|TAMS 0x000000009b900000, 0x000000009b900000| Complete 
| 442|0x000000009ba00000, 0x000000009bb00000, 0x000000009bb00000|100%| E|CS|TAMS 0x000000009ba00000, 0x000000009ba00000| Complete 
| 443|0x000000009bb00000, 0x000000009bc00000, 0x000000009bc00000|100%| E|CS|TAMS 0x000000009bb00000, 0x000000009bb00000| Complete 
| 444|0x000000009bc00000, 0x000000009bd00000, 0x000000009bd00000|100%| E|CS|TAMS 0x000000009bc00000, 0x000000009bc00000| Complete 
| 445|0x000000009bd00000, 0x000000009be00000, 0x000000009be00000|100%| E|CS|TAMS 0x000000009bd00000, 0x000000009bd00000| Complete 
| 446|0x000000009be00000, 0x000000009bf00000, 0x000000009bf00000|100%| E|CS|TAMS 0x000000009be00000, 0x000000009be00000| Complete 
| 447|0x000000009bf00000, 0x000000009c000000, 0x000000009c000000|100%| E|CS|TAMS 0x000000009bf00000, 0x000000009bf00000| Complete 
| 448|0x000000009c000000, 0x000000009c100000, 0x000000009c100000|100%| E|CS|TAMS 0x000000009c000000, 0x000000009c000000| Complete 
| 449|0x000000009c100000, 0x000000009c200000, 0x000000009c200000|100%| E|CS|TAMS 0x000000009c100000, 0x000000009c100000| Complete 
| 450|0x000000009c200000, 0x000000009c300000, 0x000000009c300000|100%| E|CS|TAMS 0x000000009c200000, 0x000000009c200000| Complete 
| 451|0x000000009c300000, 0x000000009c400000, 0x000000009c400000|100%| E|CS|TAMS 0x000000009c300000, 0x000000009c300000| Complete 
| 452|0x000000009c400000, 0x000000009c500000, 0x000000009c500000|100%| E|CS|TAMS 0x000000009c400000, 0x000000009c400000| Complete 
| 453|0x000000009c500000, 0x000000009c600000, 0x000000009c600000|100%| E|CS|TAMS 0x000000009c500000, 0x000000009c500000| Complete 
| 454|0x000000009c600000, 0x000000009c700000, 0x000000009c700000|100%| E|CS|TAMS 0x000000009c600000, 0x000000009c600000| Complete 
| 455|0x000000009c700000, 0x000000009c800000, 0x000000009c800000|100%| E|CS|TAMS 0x000000009c700000, 0x000000009c700000| Complete 
| 456|0x000000009c800000, 0x000000009c900000, 0x000000009c900000|100%| E|CS|TAMS 0x000000009c800000, 0x000000009c800000| Complete 
| 457|0x000000009c900000, 0x000000009ca00000, 0x000000009ca00000|100%| E|CS|TAMS 0x000000009c900000, 0x000000009c900000| Complete 
| 458|0x000000009ca00000, 0x000000009cb00000, 0x000000009cb00000|100%| E|CS|TAMS 0x000000009ca00000, 0x000000009ca00000| Complete 
| 459|0x000000009cb00000, 0x000000009cc00000, 0x000000009cc00000|100%| E|CS|TAMS 0x000000009cb00000, 0x000000009cb00000| Complete 
| 460|0x000000009cc00000, 0x000000009cd00000, 0x000000009cd00000|100%| E|CS|TAMS 0x000000009cc00000, 0x000000009cc00000| Complete 
| 461|0x000000009cd00000, 0x000000009ce00000, 0x000000009ce00000|100%| E|CS|TAMS 0x000000009cd00000, 0x000000009cd00000| Complete 
| 462|0x000000009ce00000, 0x000000009cf00000, 0x000000009cf00000|100%| E|CS|TAMS 0x000000009ce00000, 0x000000009ce00000| Complete 
| 463|0x000000009cf00000, 0x000000009d000000, 0x000000009d000000|100%| E|CS|TAMS 0x000000009cf00000, 0x000000009cf00000| Complete 
| 464|0x000000009d000000, 0x000000009d100000, 0x000000009d100000|100%| E|CS|TAMS 0x000000009d000000, 0x000000009d000000| Complete 
| 465|0x000000009d100000, 0x000000009d200000, 0x000000009d200000|100%| E|CS|TAMS 0x000000009d100000, 0x000000009d100000| Complete 
| 466|0x000000009d200000, 0x000000009d300000, 0x000000009d300000|100%| E|CS|TAMS 0x000000009d200000, 0x000000009d200000| Complete 
| 467|0x000000009d300000, 0x000000009d400000, 0x000000009d400000|100%| E|CS|TAMS 0x000000009d300000, 0x000000009d300000| Complete 
| 468|0x000000009d400000, 0x000000009d500000, 0x000000009d500000|100%| E|CS|TAMS 0x000000009d400000, 0x000000009d400000| Complete 
| 469|0x000000009d500000, 0x000000009d600000, 0x000000009d600000|100%| E|CS|TAMS 0x000000009d500000, 0x000000009d500000| Complete 
| 470|0x000000009d600000, 0x000000009d700000, 0x000000009d700000|100%| E|CS|TAMS 0x000000009d600000, 0x000000009d600000| Complete 
| 471|0x000000009d700000, 0x000000009d800000, 0x000000009d800000|100%| E|CS|TAMS 0x000000009d700000, 0x000000009d700000| Complete 
| 472|0x000000009d800000, 0x000000009d900000, 0x000000009d900000|100%| E|CS|TAMS 0x000000009d800000, 0x000000009d800000| Complete 
| 473|0x000000009d900000, 0x000000009da00000, 0x000000009da00000|100%| E|CS|TAMS 0x000000009d900000, 0x000000009d900000| Complete 
| 474|0x000000009da00000, 0x000000009db00000, 0x000000009db00000|100%| E|CS|TAMS 0x000000009da00000, 0x000000009da00000| Complete 
| 475|0x000000009db00000, 0x000000009dc00000, 0x000000009dc00000|100%| E|CS|TAMS 0x000000009db00000, 0x000000009db00000| Complete 
| 476|0x000000009dc00000, 0x000000009dd00000, 0x000000009dd00000|100%| E|CS|TAMS 0x000000009dc00000, 0x000000009dc00000| Complete 
| 477|0x000000009dd00000, 0x000000009de00000, 0x000000009de00000|100%| E|CS|TAMS 0x000000009dd00000, 0x000000009dd00000| Complete 
| 478|0x000000009de00000, 0x000000009df00000, 0x000000009df00000|100%| E|CS|TAMS 0x000000009de00000, 0x000000009de00000| Complete 
| 479|0x000000009df00000, 0x000000009e000000, 0x000000009e000000|100%| E|CS|TAMS 0x000000009df00000, 0x000000009df00000| Complete 
| 480|0x000000009e000000, 0x000000009e100000, 0x000000009e100000|100%| E|CS|TAMS 0x000000009e000000, 0x000000009e000000| Complete 
| 481|0x000000009e100000, 0x000000009e200000, 0x000000009e200000|100%| E|CS|TAMS 0x000000009e100000, 0x000000009e100000| Complete 
| 482|0x000000009e200000, 0x000000009e300000, 0x000000009e300000|100%| E|CS|TAMS 0x000000009e200000, 0x000000009e200000| Complete 
| 483|0x000000009e300000, 0x000000009e400000, 0x000000009e400000|100%| E|CS|TAMS 0x000000009e300000, 0x000000009e300000| Complete 
| 484|0x000000009e400000, 0x000000009e500000, 0x000000009e500000|100%| E|CS|TAMS 0x000000009e400000, 0x000000009e400000| Complete 
| 485|0x000000009e500000, 0x000000009e600000, 0x000000009e600000|100%| E|CS|TAMS 0x000000009e500000, 0x000000009e500000| Complete 
| 486|0x000000009e600000, 0x000000009e700000, 0x000000009e700000|100%| E|CS|TAMS 0x000000009e600000, 0x000000009e600000| Complete 
| 487|0x000000009e700000, 0x000000009e800000, 0x000000009e800000|100%| E|CS|TAMS 0x000000009e700000, 0x000000009e700000| Complete 
| 488|0x000000009e800000, 0x000000009e900000, 0x000000009e900000|100%| E|CS|TAMS 0x000000009e800000, 0x000000009e800000| Complete 
| 489|0x000000009e900000, 0x000000009ea00000, 0x000000009ea00000|100%| E|CS|TAMS 0x000000009e900000, 0x000000009e900000| Complete 
| 490|0x000000009ea00000, 0x000000009eb00000, 0x000000009eb00000|100%| E|CS|TAMS 0x000000009ea00000, 0x000000009ea00000| Complete 
| 491|0x000000009eb00000, 0x000000009ec00000, 0x000000009ec00000|100%| E|CS|TAMS 0x000000009eb00000, 0x000000009eb00000| Complete 
| 492|0x000000009ec00000, 0x000000009ed00000, 0x000000009ed00000|100%| E|  |TAMS 0x000000009ec00000, 0x000000009ec00000| Complete 
| 493|0x000000009ed00000, 0x000000009ee00000, 0x000000009ee00000|100%| E|CS|TAMS 0x000000009ed00000, 0x000000009ed00000| Complete 
| 494|0x000000009ee00000, 0x000000009ef00000, 0x000000009ef00000|100%| E|CS|TAMS 0x000000009ee00000, 0x000000009ee00000| Complete 
| 495|0x000000009ef00000, 0x000000009f000000, 0x000000009f000000|100%| E|CS|TAMS 0x000000009ef00000, 0x000000009ef00000| Complete 
| 496|0x000000009f000000, 0x000000009f100000, 0x000000009f100000|100%| E|CS|TAMS 0x000000009f000000, 0x000000009f000000| Complete 
| 497|0x000000009f100000, 0x000000009f200000, 0x000000009f200000|100%| E|CS|TAMS 0x000000009f100000, 0x000000009f100000| Complete 
| 498|0x000000009f200000, 0x000000009f300000, 0x000000009f300000|100%| E|CS|TAMS 0x000000009f200000, 0x000000009f200000| Complete 
| 499|0x000000009f300000, 0x000000009f400000, 0x000000009f400000|100%| E|CS|TAMS 0x000000009f300000, 0x000000009f300000| Complete 
| 500|0x000000009f400000, 0x000000009f500000, 0x000000009f500000|100%| E|CS|TAMS 0x000000009f400000, 0x000000009f400000| Complete 
| 501|0x000000009f500000, 0x000000009f600000, 0x000000009f600000|100%| E|CS|TAMS 0x000000009f500000, 0x000000009f500000| Complete 
| 502|0x000000009f600000, 0x000000009f700000, 0x000000009f700000|100%| E|CS|TAMS 0x000000009f600000, 0x000000009f600000| Complete 
| 503|0x000000009f700000, 0x000000009f800000, 0x000000009f800000|100%| E|CS|TAMS 0x000000009f700000, 0x000000009f700000| Complete 
| 504|0x000000009f800000, 0x000000009f900000, 0x000000009f900000|100%| E|CS|TAMS 0x000000009f800000, 0x000000009f800000| Complete 
| 505|0x000000009f900000, 0x000000009fa00000, 0x000000009fa00000|100%| E|CS|TAMS 0x000000009f900000, 0x000000009f900000| Complete 
| 506|0x000000009fa00000, 0x000000009fb00000, 0x000000009fb00000|100%| E|CS|TAMS 0x000000009fa00000, 0x000000009fa00000| Complete 
| 507|0x000000009fb00000, 0x000000009fc00000, 0x000000009fc00000|100%| E|CS|TAMS 0x000000009fb00000, 0x000000009fb00000| Complete 
| 508|0x000000009fc00000, 0x000000009fd00000, 0x000000009fd00000|100%| E|CS|TAMS 0x000000009fc00000, 0x000000009fc00000| Complete 
| 509|0x000000009fd00000, 0x000000009fe00000, 0x000000009fe00000|100%| E|CS|TAMS 0x000000009fd00000, 0x000000009fd00000| Complete 
| 510|0x000000009fe00000, 0x000000009ff00000, 0x000000009ff00000|100%| E|CS|TAMS 0x000000009fe00000, 0x000000009fe00000| Complete 
| 511|0x000000009ff00000, 0x00000000a0000000, 0x00000000a0000000|100%| E|CS|TAMS 0x000000009ff00000, 0x000000009ff00000| Complete 
| 512|0x00000000a0000000, 0x00000000a0100000, 0x00000000a0100000|100%| E|CS|TAMS 0x00000000a0000000, 0x00000000a0000000| Complete 
| 513|0x00000000a0100000, 0x00000000a0200000, 0x00000000a0200000|100%| E|CS|TAMS 0x00000000a0100000, 0x00000000a0100000| Complete 
| 514|0x00000000a0200000, 0x00000000a0300000, 0x00000000a0300000|100%| E|CS|TAMS 0x00000000a0200000, 0x00000000a0200000| Complete 
| 515|0x00000000a0300000, 0x00000000a0400000, 0x00000000a0400000|100%| E|CS|TAMS 0x00000000a0300000, 0x00000000a0300000| Complete 
| 516|0x00000000a0400000, 0x00000000a0500000, 0x00000000a0500000|100%| E|CS|TAMS 0x00000000a0400000, 0x00000000a0400000| Complete 
| 517|0x00000000a0500000, 0x00000000a0600000, 0x00000000a0600000|100%| E|CS|TAMS 0x00000000a0500000, 0x00000000a0500000| Complete 
| 518|0x00000000a0600000, 0x00000000a0700000, 0x00000000a0700000|100%| E|CS|TAMS 0x00000000a0600000, 0x00000000a0600000| Complete 
| 519|0x00000000a0700000, 0x00000000a0800000, 0x00000000a0800000|100%| E|CS|TAMS 0x00000000a0700000, 0x00000000a0700000| Complete 
| 520|0x00000000a0800000, 0x00000000a0900000, 0x00000000a0900000|100%| E|CS|TAMS 0x00000000a0800000, 0x00000000a0800000| Complete 
| 521|0x00000000a0900000, 0x00000000a0a00000, 0x00000000a0a00000|100%| E|CS|TAMS 0x00000000a0900000, 0x00000000a0900000| Complete 
| 522|0x00000000a0a00000, 0x00000000a0b00000, 0x00000000a0b00000|100%| E|CS|TAMS 0x00000000a0a00000, 0x00000000a0a00000| Complete 
| 523|0x00000000a0b00000, 0x00000000a0c00000, 0x00000000a0c00000|100%| E|CS|TAMS 0x00000000a0b00000, 0x00000000a0b00000| Complete 
| 524|0x00000000a0c00000, 0x00000000a0d00000, 0x00000000a0d00000|100%| E|CS|TAMS 0x00000000a0c00000, 0x00000000a0c00000| Complete 
| 525|0x00000000a0d00000, 0x00000000a0e00000, 0x00000000a0e00000|100%| E|CS|TAMS 0x00000000a0d00000, 0x00000000a0d00000| Complete 
| 526|0x00000000a0e00000, 0x00000000a0f00000, 0x00000000a0f00000|100%| E|CS|TAMS 0x00000000a0e00000, 0x00000000a0e00000| Complete 
| 527|0x00000000a0f00000, 0x00000000a1000000, 0x00000000a1000000|100%| E|CS|TAMS 0x00000000a0f00000, 0x00000000a0f00000| Complete 
| 528|0x00000000a1000000, 0x00000000a1100000, 0x00000000a1100000|100%| E|CS|TAMS 0x00000000a1000000, 0x00000000a1000000| Complete 
| 529|0x00000000a1100000, 0x00000000a1200000, 0x00000000a1200000|100%| E|CS|TAMS 0x00000000a1100000, 0x00000000a1100000| Complete 
| 530|0x00000000a1200000, 0x00000000a1300000, 0x00000000a1300000|100%| E|CS|TAMS 0x00000000a1200000, 0x00000000a1200000| Complete 
| 531|0x00000000a1300000, 0x00000000a1400000, 0x00000000a1400000|100%| E|CS|TAMS 0x00000000a1300000, 0x00000000a1300000| Complete 
| 532|0x00000000a1400000, 0x00000000a1500000, 0x00000000a1500000|100%| E|CS|TAMS 0x00000000a1400000, 0x00000000a1400000| Complete 
| 533|0x00000000a1500000, 0x00000000a1600000, 0x00000000a1600000|100%| E|CS|TAMS 0x00000000a1500000, 0x00000000a1500000| Complete 
| 534|0x00000000a1600000, 0x00000000a1700000, 0x00000000a1700000|100%| E|CS|TAMS 0x00000000a1600000, 0x00000000a1600000| Complete 
| 535|0x00000000a1700000, 0x00000000a1800000, 0x00000000a1800000|100%| E|CS|TAMS 0x00000000a1700000, 0x00000000a1700000| Complete 
| 536|0x00000000a1800000, 0x00000000a1900000, 0x00000000a1900000|100%| E|CS|TAMS 0x00000000a1800000, 0x00000000a1800000| Complete 
| 537|0x00000000a1900000, 0x00000000a1a00000, 0x00000000a1a00000|100%| E|CS|TAMS 0x00000000a1900000, 0x00000000a1900000| Complete 
| 538|0x00000000a1a00000, 0x00000000a1b00000, 0x00000000a1b00000|100%| E|CS|TAMS 0x00000000a1a00000, 0x00000000a1a00000| Complete 
| 539|0x00000000a1b00000, 0x00000000a1c00000, 0x00000000a1c00000|100%| E|CS|TAMS 0x00000000a1b00000, 0x00000000a1b00000| Complete 
| 540|0x00000000a1c00000, 0x00000000a1d00000, 0x00000000a1d00000|100%| E|CS|TAMS 0x00000000a1c00000, 0x00000000a1c00000| Complete 
| 541|0x00000000a1d00000, 0x00000000a1e00000, 0x00000000a1e00000|100%| E|CS|TAMS 0x00000000a1d00000, 0x00000000a1d00000| Complete 
| 542|0x00000000a1e00000, 0x00000000a1f00000, 0x00000000a1f00000|100%| E|CS|TAMS 0x00000000a1e00000, 0x00000000a1e00000| Complete 
| 543|0x00000000a1f00000, 0x00000000a2000000, 0x00000000a2000000|100%| E|CS|TAMS 0x00000000a1f00000, 0x00000000a1f00000| Complete 
| 544|0x00000000a2000000, 0x00000000a2100000, 0x00000000a2100000|100%| E|CS|TAMS 0x00000000a2000000, 0x00000000a2000000| Complete 
| 545|0x00000000a2100000, 0x00000000a2200000, 0x00000000a2200000|100%| E|CS|TAMS 0x00000000a2100000, 0x00000000a2100000| Complete 
| 546|0x00000000a2200000, 0x00000000a2300000, 0x00000000a2300000|100%| E|CS|TAMS 0x00000000a2200000, 0x00000000a2200000| Complete 
| 547|0x00000000a2300000, 0x00000000a2400000, 0x00000000a2400000|100%| E|CS|TAMS 0x00000000a2300000, 0x00000000a2300000| Complete 
| 548|0x00000000a2400000, 0x00000000a2500000, 0x00000000a2500000|100%| E|CS|TAMS 0x00000000a2400000, 0x00000000a2400000| Complete 
| 549|0x00000000a2500000, 0x00000000a2600000, 0x00000000a2600000|100%| E|CS|TAMS 0x00000000a2500000, 0x00000000a2500000| Complete 
| 550|0x00000000a2600000, 0x00000000a2700000, 0x00000000a2700000|100%| E|CS|TAMS 0x00000000a2600000, 0x00000000a2600000| Complete 
| 551|0x00000000a2700000, 0x00000000a2800000, 0x00000000a2800000|100%| E|CS|TAMS 0x00000000a2700000, 0x00000000a2700000| Complete 
| 552|0x00000000a2800000, 0x00000000a2900000, 0x00000000a2900000|100%| E|CS|TAMS 0x00000000a2800000, 0x00000000a2800000| Complete 
| 553|0x00000000a2900000, 0x00000000a2a00000, 0x00000000a2a00000|100%| E|CS|TAMS 0x00000000a2900000, 0x00000000a2900000| Complete 
| 554|0x00000000a2a00000, 0x00000000a2b00000, 0x00000000a2b00000|100%| E|CS|TAMS 0x00000000a2a00000, 0x00000000a2a00000| Complete 
| 555|0x00000000a2b00000, 0x00000000a2c00000, 0x00000000a2c00000|100%| E|CS|TAMS 0x00000000a2b00000, 0x00000000a2b00000| Complete 
| 556|0x00000000a2c00000, 0x00000000a2d00000, 0x00000000a2d00000|100%| E|CS|TAMS 0x00000000a2c00000, 0x00000000a2c00000| Complete 
| 557|0x00000000a2d00000, 0x00000000a2e00000, 0x00000000a2e00000|100%| E|CS|TAMS 0x00000000a2d00000, 0x00000000a2d00000| Complete 
| 558|0x00000000a2e00000, 0x00000000a2f00000, 0x00000000a2f00000|100%| E|CS|TAMS 0x00000000a2e00000, 0x00000000a2e00000| Complete 
| 559|0x00000000a2f00000, 0x00000000a3000000, 0x00000000a3000000|100%| E|CS|TAMS 0x00000000a2f00000, 0x00000000a2f00000| Complete 
| 560|0x00000000a3000000, 0x00000000a3100000, 0x00000000a3100000|100%| E|CS|TAMS 0x00000000a3000000, 0x00000000a3000000| Complete 
| 561|0x00000000a3100000, 0x00000000a3200000, 0x00000000a3200000|100%| E|CS|TAMS 0x00000000a3100000, 0x00000000a3100000| Complete 
| 562|0x00000000a3200000, 0x00000000a3300000, 0x00000000a3300000|100%| E|CS|TAMS 0x00000000a3200000, 0x00000000a3200000| Complete 
| 563|0x00000000a3300000, 0x00000000a3400000, 0x00000000a3400000|100%| E|CS|TAMS 0x00000000a3300000, 0x00000000a3300000| Complete 
| 564|0x00000000a3400000, 0x00000000a3500000, 0x00000000a3500000|100%| E|CS|TAMS 0x00000000a3400000, 0x00000000a3400000| Complete 
| 565|0x00000000a3500000, 0x00000000a3600000, 0x00000000a3600000|100%| E|CS|TAMS 0x00000000a3500000, 0x00000000a3500000| Complete 
| 566|0x00000000a3600000, 0x00000000a3700000, 0x00000000a3700000|100%| E|CS|TAMS 0x00000000a3600000, 0x00000000a3600000| Complete 
| 567|0x00000000a3700000, 0x00000000a3800000, 0x00000000a3800000|100%| E|CS|TAMS 0x00000000a3700000, 0x00000000a3700000| Complete 
| 568|0x00000000a3800000, 0x00000000a3900000, 0x00000000a3900000|100%| E|CS|TAMS 0x00000000a3800000, 0x00000000a3800000| Complete 
| 569|0x00000000a3900000, 0x00000000a3a00000, 0x00000000a3a00000|100%| E|CS|TAMS 0x00000000a3900000, 0x00000000a3900000| Complete 
| 570|0x00000000a3a00000, 0x00000000a3b00000, 0x00000000a3b00000|100%| E|CS|TAMS 0x00000000a3a00000, 0x00000000a3a00000| Complete 
| 571|0x00000000a3b00000, 0x00000000a3c00000, 0x00000000a3c00000|100%| E|CS|TAMS 0x00000000a3b00000, 0x00000000a3b00000| Complete 
| 572|0x00000000a3c00000, 0x00000000a3d00000, 0x00000000a3d00000|100%| E|CS|TAMS 0x00000000a3c00000, 0x00000000a3c00000| Complete 
| 573|0x00000000a3d00000, 0x00000000a3e00000, 0x00000000a3e00000|100%| E|CS|TAMS 0x00000000a3d00000, 0x00000000a3d00000| Complete 
| 574|0x00000000a3e00000, 0x00000000a3f00000, 0x00000000a3f00000|100%| E|CS|TAMS 0x00000000a3e00000, 0x00000000a3e00000| Complete 
| 575|0x00000000a3f00000, 0x00000000a4000000, 0x00000000a4000000|100%| E|CS|TAMS 0x00000000a3f00000, 0x00000000a3f00000| Complete 
| 576|0x00000000a4000000, 0x00000000a4100000, 0x00000000a4100000|100%| E|CS|TAMS 0x00000000a4000000, 0x00000000a4000000| Complete 
| 577|0x00000000a4100000, 0x00000000a4200000, 0x00000000a4200000|100%| E|CS|TAMS 0x00000000a4100000, 0x00000000a4100000| Complete 
| 578|0x00000000a4200000, 0x00000000a4300000, 0x00000000a4300000|100%| E|CS|TAMS 0x00000000a4200000, 0x00000000a4200000| Complete 
| 579|0x00000000a4300000, 0x00000000a4400000, 0x00000000a4400000|100%| E|CS|TAMS 0x00000000a4300000, 0x00000000a4300000| Complete 
| 580|0x00000000a4400000, 0x00000000a4500000, 0x00000000a4500000|100%| E|CS|TAMS 0x00000000a4400000, 0x00000000a4400000| Complete 
| 581|0x00000000a4500000, 0x00000000a4600000, 0x00000000a4600000|100%| E|CS|TAMS 0x00000000a4500000, 0x00000000a4500000| Complete 
| 582|0x00000000a4600000, 0x00000000a4700000, 0x00000000a4700000|100%| E|CS|TAMS 0x00000000a4600000, 0x00000000a4600000| Complete 
| 583|0x00000000a4700000, 0x00000000a4800000, 0x00000000a4800000|100%| E|CS|TAMS 0x00000000a4700000, 0x00000000a4700000| Complete 
| 584|0x00000000a4800000, 0x00000000a4900000, 0x00000000a4900000|100%| E|CS|TAMS 0x00000000a4800000, 0x00000000a4800000| Complete 
| 585|0x00000000a4900000, 0x00000000a4a00000, 0x00000000a4a00000|100%| E|CS|TAMS 0x00000000a4900000, 0x00000000a4900000| Complete 
| 586|0x00000000a4a00000, 0x00000000a4b00000, 0x00000000a4b00000|100%| E|CS|TAMS 0x00000000a4a00000, 0x00000000a4a00000| Complete 
| 587|0x00000000a4b00000, 0x00000000a4c00000, 0x00000000a4c00000|100%| E|CS|TAMS 0x00000000a4b00000, 0x00000000a4b00000| Complete 
| 588|0x00000000a4c00000, 0x00000000a4d00000, 0x00000000a4d00000|100%| E|CS|TAMS 0x00000000a4c00000, 0x00000000a4c00000| Complete 
| 589|0x00000000a4d00000, 0x00000000a4e00000, 0x00000000a4e00000|100%| E|CS|TAMS 0x00000000a4d00000, 0x00000000a4d00000| Complete 
| 590|0x00000000a4e00000, 0x00000000a4f00000, 0x00000000a4f00000|100%| E|CS|TAMS 0x00000000a4e00000, 0x00000000a4e00000| Complete 
| 591|0x00000000a4f00000, 0x00000000a5000000, 0x00000000a5000000|100%| E|CS|TAMS 0x00000000a4f00000, 0x00000000a4f00000| Complete 
| 592|0x00000000a5000000, 0x00000000a5100000, 0x00000000a5100000|100%| E|CS|TAMS 0x00000000a5000000, 0x00000000a5000000| Complete 
| 593|0x00000000a5100000, 0x00000000a5200000, 0x00000000a5200000|100%| E|CS|TAMS 0x00000000a5100000, 0x00000000a5100000| Complete 
| 594|0x00000000a5200000, 0x00000000a5300000, 0x00000000a5300000|100%| E|CS|TAMS 0x00000000a5200000, 0x00000000a5200000| Complete 
| 595|0x00000000a5300000, 0x00000000a5400000, 0x00000000a5400000|100%| E|CS|TAMS 0x00000000a5300000, 0x00000000a5300000| Complete 
| 596|0x00000000a5400000, 0x00000000a5500000, 0x00000000a5500000|100%| E|CS|TAMS 0x00000000a5400000, 0x00000000a5400000| Complete 
| 597|0x00000000a5500000, 0x00000000a5600000, 0x00000000a5600000|100%| E|CS|TAMS 0x00000000a5500000, 0x00000000a5500000| Complete 
| 598|0x00000000a5600000, 0x00000000a5700000, 0x00000000a5700000|100%| E|CS|TAMS 0x00000000a5600000, 0x00000000a5600000| Complete 
| 599|0x00000000a5700000, 0x00000000a5800000, 0x00000000a5800000|100%| E|CS|TAMS 0x00000000a5700000, 0x00000000a5700000| Complete 
| 600|0x00000000a5800000, 0x00000000a5900000, 0x00000000a5900000|100%| E|CS|TAMS 0x00000000a5800000, 0x00000000a5800000| Complete 
| 601|0x00000000a5900000, 0x00000000a5a00000, 0x00000000a5a00000|100%| E|CS|TAMS 0x00000000a5900000, 0x00000000a5900000| Complete 
| 602|0x00000000a5a00000, 0x00000000a5b00000, 0x00000000a5b00000|100%| E|CS|TAMS 0x00000000a5a00000, 0x00000000a5a00000| Complete 
| 603|0x00000000a5b00000, 0x00000000a5c00000, 0x00000000a5c00000|100%| E|CS|TAMS 0x00000000a5b00000, 0x00000000a5b00000| Complete 
| 604|0x00000000a5c00000, 0x00000000a5d00000, 0x00000000a5d00000|100%| E|CS|TAMS 0x00000000a5c00000, 0x00000000a5c00000| Complete 
| 605|0x00000000a5d00000, 0x00000000a5e00000, 0x00000000a5e00000|100%| E|CS|TAMS 0x00000000a5d00000, 0x00000000a5d00000| Complete 
| 606|0x00000000a5e00000, 0x00000000a5f00000, 0x00000000a5f00000|100%| E|CS|TAMS 0x00000000a5e00000, 0x00000000a5e00000| Complete 
| 607|0x00000000a5f00000, 0x00000000a6000000, 0x00000000a6000000|100%| E|CS|TAMS 0x00000000a5f00000, 0x00000000a5f00000| Complete 
| 608|0x00000000a6000000, 0x00000000a6100000, 0x00000000a6100000|100%| E|CS|TAMS 0x00000000a6000000, 0x00000000a6000000| Complete 
| 609|0x00000000a6100000, 0x00000000a6200000, 0x00000000a6200000|100%| E|CS|TAMS 0x00000000a6100000, 0x00000000a6100000| Complete 
| 610|0x00000000a6200000, 0x00000000a6300000, 0x00000000a6300000|100%| E|CS|TAMS 0x00000000a6200000, 0x00000000a6200000| Complete 
| 611|0x00000000a6300000, 0x00000000a6400000, 0x00000000a6400000|100%| E|CS|TAMS 0x00000000a6300000, 0x00000000a6300000| Complete 
| 612|0x00000000a6400000, 0x00000000a6500000, 0x00000000a6500000|100%| E|CS|TAMS 0x00000000a6400000, 0x00000000a6400000| Complete 
| 613|0x00000000a6500000, 0x00000000a6600000, 0x00000000a6600000|100%| E|CS|TAMS 0x00000000a6500000, 0x00000000a6500000| Complete 
| 614|0x00000000a6600000, 0x00000000a6700000, 0x00000000a6700000|100%| E|CS|TAMS 0x00000000a6600000, 0x00000000a6600000| Complete 
| 615|0x00000000a6700000, 0x00000000a6800000, 0x00000000a6800000|100%| E|CS|TAMS 0x00000000a6700000, 0x00000000a6700000| Complete 
| 616|0x00000000a6800000, 0x00000000a6900000, 0x00000000a6900000|100%| E|CS|TAMS 0x00000000a6800000, 0x00000000a6800000| Complete 
| 617|0x00000000a6900000, 0x00000000a6a00000, 0x00000000a6a00000|100%| E|CS|TAMS 0x00000000a6900000, 0x00000000a6900000| Complete 
| 618|0x00000000a6a00000, 0x00000000a6b00000, 0x00000000a6b00000|100%| E|CS|TAMS 0x00000000a6a00000, 0x00000000a6a00000| Complete 
| 619|0x00000000a6b00000, 0x00000000a6c00000, 0x00000000a6c00000|100%| E|CS|TAMS 0x00000000a6b00000, 0x00000000a6b00000| Complete 
| 620|0x00000000a6c00000, 0x00000000a6d00000, 0x00000000a6d00000|100%| E|CS|TAMS 0x00000000a6c00000, 0x00000000a6c00000| Complete 
| 621|0x00000000a6d00000, 0x00000000a6e00000, 0x00000000a6e00000|100%| E|CS|TAMS 0x00000000a6d00000, 0x00000000a6d00000| Complete 
| 622|0x00000000a6e00000, 0x00000000a6f00000, 0x00000000a6f00000|100%| E|CS|TAMS 0x00000000a6e00000, 0x00000000a6e00000| Complete 
| 623|0x00000000a6f00000, 0x00000000a7000000, 0x00000000a7000000|100%| E|CS|TAMS 0x00000000a6f00000, 0x00000000a6f00000| Complete 
|1183|0x00000000c9f00000, 0x00000000ca000000, 0x00000000ca000000|100%| E|CS|TAMS 0x00000000c9f00000, 0x00000000c9f00000| Complete 
|1184|0x00000000ca000000, 0x00000000ca100000, 0x00000000ca100000|100%| E|CS|TAMS 0x00000000ca000000, 0x00000000ca000000| Complete 
|1185|0x00000000ca100000, 0x00000000ca200000, 0x00000000ca200000|100%| E|CS|TAMS 0x00000000ca100000, 0x00000000ca100000| Complete 
|1186|0x00000000ca200000, 0x00000000ca300000, 0x00000000ca300000|100%| E|CS|TAMS 0x00000000ca200000, 0x00000000ca200000| Complete 
|1187|0x00000000ca300000, 0x00000000ca400000, 0x00000000ca400000|100%| E|CS|TAMS 0x00000000ca300000, 0x00000000ca300000| Complete 
|1188|0x00000000ca400000, 0x00000000ca500000, 0x00000000ca500000|100%| E|CS|TAMS 0x00000000ca400000, 0x00000000ca400000| Complete 
|1189|0x00000000ca500000, 0x00000000ca600000, 0x00000000ca600000|100%| E|CS|TAMS 0x00000000ca500000, 0x00000000ca500000| Complete 
|1254|0x00000000ce600000, 0x00000000ce700000, 0x00000000ce700000|100%| E|CS|TAMS 0x00000000ce600000, 0x00000000ce600000| Complete 
|1255|0x00000000ce700000, 0x00000000ce800000, 0x00000000ce800000|100%| E|CS|TAMS 0x00000000ce700000, 0x00000000ce700000| Complete 
|1256|0x00000000ce800000, 0x00000000ce900000, 0x00000000ce900000|100%| E|CS|TAMS 0x00000000ce800000, 0x00000000ce800000| Complete 
|1257|0x00000000ce900000, 0x00000000cea00000, 0x00000000cea00000|100%| E|CS|TAMS 0x00000000ce900000, 0x00000000ce900000| Complete 
|1258|0x00000000cea00000, 0x00000000ceb00000, 0x00000000ceb00000|100%| E|CS|TAMS 0x00000000cea00000, 0x00000000cea00000| Complete 
|1273|0x00000000cf900000, 0x00000000cfa00000, 0x00000000cfa00000|100%| E|CS|TAMS 0x00000000cf900000, 0x00000000cf900000| Complete 

Card table byte_map: [0x000002aab5a00000,0x000002aab5e00000] _byte_map_base: 0x000002aab5600000

Marking Bits (Prev, Next): (CMBitMap*) 0x000002aa9d2a07d0, (CMBitMap*) 0x000002aa9d2a0810
 Prev Bits: [0x000002aab6200000, 0x000002aab8200000)
 Next Bits: [0x000002aab8200000, 0x000002aaba200000)

Polling page: 0x000002aa9c9f0000

Metaspace:

Usage:
  Non-class:    128.05 MB used.
      Class:     19.15 MB used.
       Both:    147.20 MB used.

Virtual space:
  Non-class space:      192.00 MB reserved,     128.94 MB ( 67%) committed,  3 nodes.
      Class space:      416.00 MB reserved,      19.94 MB (  5%) committed,  1 nodes.
             Both:      608.00 MB reserved,     148.88 MB ( 24%) committed. 

Chunk freelists:
   Non-Class:  14.14 MB
       Class:  11.94 MB
        Both:  26.08 MB

MaxMetaspaceSize: 512.00 MB
CompressedClassSpaceSize: 416.00 MB
Initial GC threshold: 21.00 MB
Current GC threshold: 247.31 MB
CDS: on
MetaspaceReclaimPolicy: balanced
 - commit_granule_bytes: 65536.
 - commit_granule_words: 8192.
 - virtual_space_node_default_size: 8388608.
 - enlarge_chunks_in_place: 1.
 - new_chunks_are_fully_committed: 0.
 - uncommit_free_chunks: 1.
 - use_allocation_guard: 0.
 - handle_deallocations: 1.


Internal statistics:

num_allocs_failed_limit: 6.
num_arena_births: 3084.
num_arena_deaths: 314.
num_vsnodes_births: 4.
num_vsnodes_deaths: 0.
num_space_committed: 2380.
num_space_uncommitted: 0.
num_chunks_returned_to_freelist: 392.
num_chunks_taken_from_freelist: 10057.
num_chunk_merges: 139.
num_chunk_splits: 6170.
num_chunks_enlarged: 3526.
num_inconsistent_stats: 0.

CodeHeap 'non-profiled nmethods': size=120000Kb used=20863Kb max_used=20863Kb free=99136Kb
 bounds [0x000002aaadb80000, 0x000002aaaefe0000, 0x000002aab50b0000]
CodeHeap 'profiled nmethods': size=120000Kb used=51192Kb max_used=51192Kb free=68807Kb
 bounds [0x000002aaa60b0000, 0x000002aaa92b0000, 0x000002aaad5e0000]
CodeHeap 'non-nmethods': size=5760Kb used=2570Kb max_used=2626Kb free=3189Kb
 bounds [0x000002aaad5e0000, 0x000002aaad880000, 0x000002aaadb80000]
 total_blobs=27036 nmethods=25899 adapters=1046
 compilation: enabled
              stopped_count=0, restarted_count=0
 full_count=0

Compilation events (20 events):
Event: 10380.941 Thread 0x000002aabce51b40 33684       4       org.gradle.internal.vfs.impl.DefaultSnapshotHierarchy$$Lambda$959/0x000002aabe626a70::apply (12 bytes)
Event: 10380.942 Thread 0x000002aabce51b40 nmethod 33684 0x000002aaaefd9d10 code [0x000002aaaefd9ea0, 0x000002aaaefd9ff8]
Event: 10381.134 Thread 0x000002aabce51b40 33685       4       com.google.common.collect.ImmutableList::forEach (35 bytes)
Event: 10381.137 Thread 0x000002aabce51b40 nmethod 33685 0x000002aaaefda110 code [0x000002aaaefda2a0, 0x000002aaaefda498]
Event: 10381.409 Thread 0x000002aabce51b40 33686       4       org.gradle.internal.watch.vfs.impl.WatchingVirtualFileSystem$CompositeChangeHandler$$Lambda$950/0x000002aabe624448::accept (16 bytes)
Event: 10381.426 Thread 0x000002aabce51b40 nmethod 33686 0x000002aaaefda710 code [0x000002aaaefda900, 0x000002aaaefdb1f0]
Event: 10381.533 Thread 0x000002aabce51b40 33687       4       net.rubygrapefruit.platform.internal.jni.AbstractFileEventFunctions$NativeFileWatcherCallback::reportChangeEvent (21 bytes)
Event: 10381.538 Thread 0x000002aabce51b40 nmethod 33687 0x000002aaaefdba10 code [0x000002aaaefdbbc0, 0x000002aaaefdbe08]
Event: 10381.538 Thread 0x000002aabce51b40 33688       4       org.gradle.internal.watch.registry.impl.DefaultFileWatcherRegistry$1::<init> (15 bytes)
Event: 10381.540 Thread 0x000002aabce51b40 nmethod 33688 0x000002aaaefdc010 code [0x000002aaaefdc180, 0x000002aaaefdc3b8]
Event: 10424.058 Thread 0x000002aabce51b40 33689       4       java.util.Arrays::sort (47 bytes)
Event: 10434.797 Thread 0x000002aabce51b40 nmethod 33689 0x000002aaaefdc410 code [0x000002aaaefdc680, 0x000002aaaefdea10]
Event: 10463.293 Thread 0x000002aabce51b40 33690       4       org.gradle.launcher.daemon.context.DefaultDaemonContext$Serializer::read (192 bytes)
Event: 10463.320 Thread 0x000002aabce5f1c0 33691       3       org.gradle.launcher.daemon.configuration.DaemonParameters$Priority::values (10 bytes)
Event: 10463.770 Thread 0x000002aabce5f1c0 nmethod 33691 0x000002aaa92aba10 code [0x000002aaa92abbc0, 0x000002aaa92abe68]
Event: 10463.773 Thread 0x000002aabce5f1c0 33692       3       java.util.concurrent.ScheduledThreadPoolExecutor$DelayedWorkQueue::add (9 bytes)
Event: 10463.825 Thread 0x000002aabce5f1c0 nmethod 33692 0x000002aaa92abf10 code [0x000002aaa92ac0c0, 0x000002aaa92ac368]
Event: 10477.697 Thread 0x000002aabce5f1c0 33694   !   3       java.util.concurrent.ThreadPoolExecutor::getTask (177 bytes)
Event: 10481.539 Thread 0x000002aabce5f1c0 nmethod 33694 0x000002aaa92ac490 code [0x000002aaa92ac720, 0x000002aaa92ad5f8]
Event: 10481.563 Thread 0x000002aabce5f1c0 33695       3       java.util.concurrent.ScheduledThreadPoolExecutor$ScheduledFutureTask::run (57 bytes)

GC Heap History (20 events):
Event: 10307.888 GC heap before
{Heap before GC invocations=125 (full 0):
 garbage-first heap   total 826368K, used 399031K [0x0000000080000000, 0x0000000100000000)
  region size 1024K, 230 young (235520K), 2 survivors (2048K)
 Metaspace       used 132441K, committed 134016K, reserved 557056K
  class space    used 17667K, committed 18432K, reserved 425984K
}
Event: 10307.895 GC heap after
{Heap after GC invocations=126 (full 0):
 garbage-first heap   total 826368K, used 167583K [0x0000000080000000, 0x0000000100000000)
  region size 1024K, 3 young (3072K), 3 survivors (3072K)
 Metaspace       used 132441K, committed 134016K, reserved 557056K
  class space    used 17667K, committed 18432K, reserved 425984K
}
Event: 10308.347 GC heap before
{Heap before GC invocations=127 (full 0):
 garbage-first heap   total 826368K, used 661151K [0x0000000080000000, 0x0000000100000000)
  region size 1024K, 484 young (495616K), 3 survivors (3072K)
 Metaspace       used 132443K, committed 134016K, reserved 557056K
  class space    used 17667K, committed 18432K, reserved 425984K
}
Event: 10308.352 GC heap after
{Heap after GC invocations=128 (full 0):
 garbage-first heap   total 826368K, used 168422K [0x0000000080000000, 0x0000000100000000)
  region size 1024K, 4 young (4096K), 4 survivors (4096K)
 Metaspace       used 132443K, committed 134016K, reserved 557056K
  class space    used 17667K, committed 18432K, reserved 425984K
}
Event: 10308.383 GC heap before
{Heap before GC invocations=128 (full 0):
 garbage-first heap   total 826368K, used 204262K [0x0000000080000000, 0x0000000100000000)
  region size 1024K, 40 young (40960K), 4 survivors (4096K)
 Metaspace       used 132445K, committed 134016K, reserved 557056K
  class space    used 17667K, committed 18432K, reserved 425984K
}
Event: 10308.402 GC heap after
{Heap after GC invocations=129 (full 0):
 garbage-first heap   total 826368K, used 166653K [0x0000000080000000, 0x0000000100000000)
  region size 1024K, 3 young (3072K), 3 survivors (3072K)
 Metaspace       used 132445K, committed 134016K, reserved 557056K
  class space    used 17667K, committed 18432K, reserved 425984K
}
Event: 10309.236 GC heap before
{Heap before GC invocations=129 (full 0):
 garbage-first heap   total 826368K, used 497405K [0x0000000080000000, 0x0000000100000000)
  region size 1024K, 328 young (335872K), 3 survivors (3072K)
 Metaspace       used 132483K, committed 134016K, reserved 557056K
  class space    used 17671K, committed 18432K, reserved 425984K
}
Event: 10309.240 GC heap after
{Heap after GC invocations=130 (full 0):
 garbage-first heap   total 826368K, used 164175K [0x0000000080000000, 0x0000000100000000)
  region size 1024K, 2 young (2048K), 2 survivors (2048K)
 Metaspace       used 132483K, committed 134016K, reserved 557056K
  class space    used 17671K, committed 18432K, reserved 425984K
}
Event: 10310.345 GC heap before
{Heap before GC invocations=131 (full 0):
 garbage-first heap   total 642048K, used 619855K [0x0000000080000000, 0x0000000100000000)
  region size 1024K, 448 young (458752K), 2 survivors (2048K)
 Metaspace       used 132512K, committed 134016K, reserved 557056K
  class space    used 17671K, committed 18432K, reserved 425984K
}
Event: 10310.351 GC heap after
{Heap after GC invocations=132 (full 0):
 garbage-first heap   total 642048K, used 168548K [0x0000000080000000, 0x0000000100000000)
  region size 1024K, 6 young (6144K), 6 survivors (6144K)
 Metaspace       used 132512K, committed 134016K, reserved 557056K
  class space    used 17671K, committed 18432K, reserved 425984K
}
Event: 10310.444 GC heap before
{Heap before GC invocations=132 (full 0):
 garbage-first heap   total 642048K, used 194148K [0x0000000080000000, 0x0000000100000000)
  region size 1024K, 31 young (31744K), 6 survivors (6144K)
 Metaspace       used 132697K, committed 134208K, reserved 557056K
  class space    used 17679K, committed 18432K, reserved 425984K
}
Event: 10310.452 GC heap after
{Heap after GC invocations=133 (full 0):
 garbage-first heap   total 642048K, used 163825K [0x0000000080000000, 0x0000000100000000)
  region size 1024K, 1 young (1024K), 1 survivors (1024K)
 Metaspace       used 132697K, committed 134208K, reserved 557056K
  class space    used 17679K, committed 18432K, reserved 425984K
}
Event: 10357.475 GC heap before
{Heap before GC invocations=133 (full 0):
 garbage-first heap   total 642048K, used 459761K [0x0000000080000000, 0x0000000100000000)
  region size 1024K, 292 young (299008K), 1 survivors (1024K)
 Metaspace       used 136285K, committed 137984K, reserved 557056K
  class space    used 18110K, committed 18944K, reserved 425984K
}
Event: 10357.532 GC heap after
{Heap after GC invocations=134 (full 0):
 garbage-first heap   total 1224704K, used 180597K [0x0000000080000000, 0x0000000100000000)
  region size 1024K, 17 young (17408K), 17 survivors (17408K)
 Metaspace       used 136285K, committed 137984K, reserved 557056K
  class space    used 18110K, committed 18944K, reserved 425984K
}
Event: 10364.949 GC heap before
{Heap before GC invocations=135 (full 0):
 garbage-first heap   total 652288K, used 583029K [0x0000000080000000, 0x0000000100000000)
  region size 1024K, 382 young (391168K), 17 survivors (17408K)
 Metaspace       used 144108K, committed 145792K, reserved 557056K
  class space    used 18878K, committed 19648K, reserved 425984K
}
Event: 10364.987 GC heap after
{Heap after GC invocations=136 (full 0):
 garbage-first heap   total 652288K, used 184174K [0x0000000080000000, 0x0000000100000000)
  region size 1024K, 21 young (21504K), 21 survivors (21504K)
 Metaspace       used 144108K, committed 145792K, reserved 557056K
  class space    used 18878K, committed 19648K, reserved 425984K
}
Event: 10365.217 GC heap before
{Heap before GC invocations=136 (full 0):
 garbage-first heap   total 652288K, used 193390K [0x0000000080000000, 0x0000000100000000)
  region size 1024K, 31 young (31744K), 21 survivors (21504K)
 Metaspace       used 144761K, committed 146368K, reserved 557056K
  class space    used 18966K, committed 19712K, reserved 425984K
}
Event: 10365.259 GC heap after
{Heap after GC invocations=137 (full 0):
 garbage-first heap   total 652288K, used 183606K [0x0000000080000000, 0x0000000100000000)
  region size 1024K, 4 young (4096K), 4 survivors (4096K)
 Metaspace       used 144761K, committed 146368K, reserved 557056K
  class space    used 18966K, committed 19712K, reserved 425984K
}
Event: 10369.970 GC heap before
{Heap before GC invocations=137 (full 0):
 garbage-first heap   total 652288K, used 551222K [0x0000000080000000, 0x0000000100000000)
  region size 1024K, 364 young (372736K), 4 survivors (4096K)
 Metaspace       used 150029K, committed 151744K, reserved 622592K
  class space    used 19550K, committed 20352K, reserved 425984K
}
Event: 10370.282 GC heap after
{Heap after GC invocations=138 (full 0):
 garbage-first heap   total 652288K, used 184630K [0x0000000080000000, 0x0000000100000000)
  region size 1024K, 5 young (5120K), 5 survivors (5120K)
 Metaspace       used 150029K, committed 151744K, reserved 622592K
  class space    used 19550K, committed 20352K, reserved 425984K
}

Dll operation events (16 events):
Event: 0.030 Loaded shared library C:\Program Files (x86)\openlogic-openjdk-17.0.8+7-windows-x64\bin\java.dll
Event: 0.049 Loaded shared library C:\Program Files (x86)\openlogic-openjdk-17.0.8+7-windows-x64\bin\jsvml.dll
Event: 0.089 Loaded shared library C:\Program Files (x86)\openlogic-openjdk-17.0.8+7-windows-x64\bin\zip.dll
Event: 0.110 Loaded shared library C:\Program Files (x86)\openlogic-openjdk-17.0.8+7-windows-x64\bin\instrument.dll
Event: 0.114 Loaded shared library C:\Program Files (x86)\openlogic-openjdk-17.0.8+7-windows-x64\bin\net.dll
Event: 0.115 Loaded shared library C:\Program Files (x86)\openlogic-openjdk-17.0.8+7-windows-x64\bin\nio.dll
Event: 0.119 Loaded shared library C:\Program Files (x86)\openlogic-openjdk-17.0.8+7-windows-x64\bin\zip.dll
Event: 0.282 Loaded shared library C:\Program Files (x86)\openlogic-openjdk-17.0.8+7-windows-x64\bin\jimage.dll
Event: 0.328 Loaded shared library C:\Program Files (x86)\openlogic-openjdk-17.0.8+7-windows-x64\bin\verify.dll
Event: 0.434 Loaded shared library C:\Users\yuvak\.gradle\native\c067742578af261105cb4f569cf0c3c89f3d7b1fecec35dd04571415982c5e48\windows-amd64\native-platform.dll
Event: 0.463 Loaded shared library C:\Users\yuvak\.gradle\native\38dada09dfb8b06ba9b0570ebf7e218e3eb74d4ef43ca46872605cf95ebc2f47\windows-amd64\native-platform-file-events.dll
Event: 1.560 Loaded shared library C:\Program Files (x86)\openlogic-openjdk-17.0.8+7-windows-x64\bin\management.dll
Event: 1.564 Loaded shared library C:\Program Files (x86)\openlogic-openjdk-17.0.8+7-windows-x64\bin\management_ext.dll
Event: 1.981 Loaded shared library C:\Program Files (x86)\openlogic-openjdk-17.0.8+7-windows-x64\bin\sunmscapi.dll
Event: 10365.847 Loaded shared library C:\Users\yuvak\AppData\Local\Temp\native-platform3765635971379395690dir\native-platform.dll
Event: 10369.389 Loaded shared library C:\Program Files (x86)\openlogic-openjdk-17.0.8+7-windows-x64\bin\rmi.dll

Deoptimization events (20 events):
Event: 10378.408 Thread 0x000002aaddde7ef0 Uncommon trap: trap_request=0xffffffc6 fr.pc=0x000002aaae81a99c relative=0x0000000000001f1c
Event: 10378.408 Thread 0x000002aaddde7ef0 Uncommon trap: reason=bimorphic_or_optimized_type_check action=maybe_recompile pc=0x000002aaae81a99c method=java.io.BufferedOutputStream.write([BII)V @ 20 c2
Event: 10378.408 Thread 0x000002aaddde7ef0 DEOPT PACKING pc=0x000002aaae81a99c sp=0x000000b8785fd680
Event: 10378.409 Thread 0x000002aaddde7ef0 DEOPT UNPACKING pc=0x000002aaad6369a3 sp=0x000000b8785fd688 mode 2
Event: 10378.409 Thread 0x000002aaddde7ef0 Uncommon trap: trap_request=0xffffffc6 fr.pc=0x000002aaae81a99c relative=0x0000000000001f1c
Event: 10378.409 Thread 0x000002aaddde7ef0 Uncommon trap: reason=bimorphic_or_optimized_type_check action=maybe_recompile pc=0x000002aaae81a99c method=java.io.BufferedOutputStream.write([BII)V @ 20 c2
Event: 10378.409 Thread 0x000002aaddde7ef0 DEOPT PACKING pc=0x000002aaae81a99c sp=0x000000b8785fd680
Event: 10378.410 Thread 0x000002aaddde7ef0 DEOPT UNPACKING pc=0x000002aaad6369a3 sp=0x000000b8785fd688 mode 2
Event: 10378.410 Thread 0x000002aaddde7ef0 Uncommon trap: trap_request=0xffffffc6 fr.pc=0x000002aaae81a99c relative=0x0000000000001f1c
Event: 10378.410 Thread 0x000002aaddde7ef0 Uncommon trap: reason=bimorphic_or_optimized_type_check action=maybe_recompile pc=0x000002aaae81a99c method=java.io.BufferedOutputStream.write([BII)V @ 20 c2
Event: 10378.410 Thread 0x000002aaddde7ef0 DEOPT PACKING pc=0x000002aaae81a99c sp=0x000000b8785fd680
Event: 10378.410 Thread 0x000002aaddde7ef0 DEOPT UNPACKING pc=0x000002aaad6369a3 sp=0x000000b8785fd688 mode 2
Event: 10384.368 Thread 0x000002aaea87a6a0 Uncommon trap: trap_request=0xffffff45 fr.pc=0x000002aaaeb91354 relative=0x00000000000015f4
Event: 10384.372 Thread 0x000002aaea87a6a0 Uncommon trap: reason=unstable_if action=reinterpret pc=0x000002aaaeb91354 method=java.util.concurrent.ScheduledThreadPoolExecutor$DelayedWorkQueue.finishPoll(Ljava/util/concurrent/RunnableScheduledFuture;)Ljava/util/concurrent/RunnableScheduledFuture; @ 
Event: 10384.372 Thread 0x000002aaea87a6a0 DEOPT PACKING pc=0x000002aaaeb91354 sp=0x000000b86e3ff5e0
Event: 10384.372 Thread 0x000002aaea87a6a0 DEOPT UNPACKING pc=0x000002aaad6369a3 sp=0x000000b86e3ff440 mode 2
Event: 10384.375 Thread 0x000002aaea87a6a0 Uncommon trap: trap_request=0xffffff45 fr.pc=0x000002aaae24cfd0 relative=0x0000000000000350
Event: 10384.375 Thread 0x000002aaea87a6a0 Uncommon trap: reason=unstable_if action=reinterpret pc=0x000002aaae24cfd0 method=java.util.concurrent.ScheduledThreadPoolExecutor$ScheduledFutureTask.setNextRunTime()V @ 8 c2
Event: 10384.375 Thread 0x000002aaea87a6a0 DEOPT PACKING pc=0x000002aaae24cfd0 sp=0x000000b86e3ff610
Event: 10384.376 Thread 0x000002aaea87a6a0 DEOPT UNPACKING pc=0x000002aaad6369a3 sp=0x000000b86e3ff568 mode 2

Classes unloaded (20 events):
Event: 10370.765 Thread 0x000002aabce29d50 Unloading class 0x000002aabf198fa0 '_BuildScript_$_run_closure3$_closure19$_closure20'
Event: 10370.765 Thread 0x000002aabce29d50 Unloading class 0x000002aabf198bb8 '_BuildScript_$_run_closure3$_closure19'
Event: 10370.765 Thread 0x000002aabce29d50 Unloading class 0x000002aabf1987d0 '_BuildScript_$_run_closure3'
Event: 10370.765 Thread 0x000002aabce29d50 Unloading class 0x000002aabf1983e8 '_BuildScript_$_run_closure2$_closure18'
Event: 10370.766 Thread 0x000002aabce29d50 Unloading class 0x000002aabf198000 '_BuildScript_$_run_closure2'
Event: 10370.766 Thread 0x000002aabce29d50 Unloading class 0x000002aabf1dbb58 '_BuildScript_$_run_closure1$_closure11$_closure17'
Event: 10370.766 Thread 0x000002aabce29d50 Unloading class 0x000002aabf1db770 '_BuildScript_$_run_closure1$_closure11$_closure16'
Event: 10370.766 Thread 0x000002aabce29d50 Unloading class 0x000002aabf1db388 '_BuildScript_$_run_closure1$_closure11'
Event: 10370.766 Thread 0x000002aabce29d50 Unloading class 0x000002aabf1dafa0 '_BuildScript_$_run_closure1$_closure10'
Event: 10370.766 Thread 0x000002aabce29d50 Unloading class 0x000002aabf1dabb8 '_BuildScript_$_run_closure1$_closure9'
Event: 10370.766 Thread 0x000002aabce29d50 Unloading class 0x000002aabf1da7d0 '_BuildScript_$_run_closure1$_closure8'
Event: 10370.767 Thread 0x000002aabce29d50 Unloading class 0x000002aabf1da3e8 '_BuildScript_$_run_closure1$_closure7$_closure15'
Event: 10370.767 Thread 0x000002aabce29d50 Unloading class 0x000002aabf1da000 '_BuildScript_$_run_closure1$_closure7'
Event: 10370.767 Thread 0x000002aabce29d50 Unloading class 0x000002aabf1d9bb8 '_BuildScript_$_run_closure1$_closure6'
Event: 10370.767 Thread 0x000002aabce29d50 Unloading class 0x000002aabf1d97d0 '_BuildScript_$_run_closure1$_closure5$_closure13$_closure14'
Event: 10370.767 Thread 0x000002aabce29d50 Unloading class 0x000002aabf1d93e8 '_BuildScript_$_run_closure1$_closure5$_closure13'
Event: 10370.767 Thread 0x000002aabce29d50 Unloading class 0x000002aabf1d9000 '_BuildScript_$_run_closure1$_closure5$_closure12'
Event: 10370.767 Thread 0x000002aabce29d50 Unloading class 0x000002aabf190be8 '_BuildScript_$_run_closure1$_closure5'
Event: 10370.767 Thread 0x000002aabce29d50 Unloading class 0x000002aabf190800 '_BuildScript_$_run_closure1'
Event: 10370.768 Thread 0x000002aabce29d50 Unloading class 0x000002aabf1d8800 '_BuildScript_'

Classes redefined (0 events):
No events

Internal exceptions (20 events):
Event: 10375.057 Thread 0x000002aadcedbe90 Exception <a 'sun/nio/fs/WindowsException'{0x000000009ced6bb0}> (0x000000009ced6bb0) 
thrown [s\src\hotspot\share\prims\jni.cpp, line 516]
Event: 10375.057 Thread 0x000002aadcedbe90 Exception <a 'sun/nio/fs/WindowsException'{0x000000009ced7060}> (0x000000009ced7060) 
thrown [s\src\hotspot\share\prims\jni.cpp, line 516]
Event: 10375.062 Thread 0x000002aae8d5ca30 Exception <a 'sun/nio/fs/WindowsException'{0x000000009cd475a8}> (0x000000009cd475a8) 
thrown [s\src\hotspot\share\prims\jni.cpp, line 516]
Event: 10375.066 Thread 0x000002aadc3ae520 Exception <a 'sun/nio/fs/WindowsException'{0x000000009d03d688}> (0x000000009d03d688) 
thrown [s\src\hotspot\share\prims\jni.cpp, line 516]
Event: 10375.071 Thread 0x000002aadc3b4550 Exception <a 'sun/nio/fs/WindowsException'{0x000000009cccc768}> (0x000000009cccc768) 
thrown [s\src\hotspot\share\prims\jni.cpp, line 516]
Event: 10375.078 Thread 0x000002aadc3af960 Exception <a 'sun/nio/fs/WindowsException'{0x00000000a214b1f8}> (0x00000000a214b1f8) 
thrown [s\src\hotspot\share\prims\jni.cpp, line 516]
Event: 10375.078 Thread 0x000002aadc3af960 Exception <a 'sun/nio/fs/WindowsException'{0x00000000a214b2b8}> (0x00000000a214b2b8) 
thrown [s\src\hotspot\share\prims\jni.cpp, line 516]
Event: 10375.078 Thread 0x000002aadc3af960 Exception <a 'sun/nio/fs/WindowsException'{0x00000000a214b790}> (0x00000000a214b790) 
thrown [s\src\hotspot\share\prims\jni.cpp, line 516]
Event: 10375.082 Thread 0x000002aadc3afe70 Exception <a 'sun/nio/fs/WindowsException'{0x00000000a23c37e0}> (0x00000000a23c37e0) 
thrown [s\src\hotspot\share\prims\jni.cpp, line 516]
Event: 10375.082 Thread 0x000002aadc3afe70 Exception <a 'sun/nio/fs/WindowsException'{0x00000000a23c38a0}> (0x00000000a23c38a0) 
thrown [s\src\hotspot\share\prims\jni.cpp, line 516]
Event: 10375.082 Thread 0x000002aadc3afe70 Exception <a 'sun/nio/fs/WindowsException'{0x00000000a23c3d90}> (0x00000000a23c3d90) 
thrown [s\src\hotspot\share\prims\jni.cpp, line 516]
Event: 10375.088 Thread 0x000002aadc3b4040 Exception <a 'sun/nio/fs/WindowsException'{0x00000000a22ceb68}> (0x00000000a22ceb68) 
thrown [s\src\hotspot\share\prims\jni.cpp, line 516]
Event: 10375.088 Thread 0x000002aadc3b4040 Exception <a 'sun/nio/fs/WindowsException'{0x00000000a22cec28}> (0x00000000a22cec28) 
thrown [s\src\hotspot\share\prims\jni.cpp, line 516]
Event: 10375.088 Thread 0x000002aadc3b4040 Exception <a 'sun/nio/fs/WindowsException'{0x00000000a22cf0f8}> (0x00000000a22cf0f8) 
thrown [s\src\hotspot\share\prims\jni.cpp, line 516]
Event: 10375.088 Thread 0x000002aae8d6b820 Exception <a 'sun/nio/fs/WindowsException'{0x000000009cb50078}> (0x000000009cb50078) 
thrown [s\src\hotspot\share\prims\jni.cpp, line 516]
Event: 10375.125 Thread 0x000002aadcedbe90 Exception <a 'sun/nio/fs/WindowsException'{0x000000009c9fbd20}> (0x000000009c9fbd20) 
thrown [s\src\hotspot\share\prims\jni.cpp, line 516]
Event: 10375.137 Thread 0x000002aadc3af960 Exception <a 'sun/nio/fs/WindowsException'{0x000000009c625c08}> (0x000000009c625c08) 
thrown [s\src\hotspot\share\prims\jni.cpp, line 516]
Event: 10375.138 Thread 0x000002aadc3afe70 Exception <a 'sun/nio/fs/WindowsException'{0x000000009c6c61a8}> (0x000000009c6c61a8) 
thrown [s\src\hotspot\share\prims\jni.cpp, line 516]
Event: 10375.215 Thread 0x000002aadc3b4040 Exception <a 'sun/nio/fs/WindowsException'{0x000000009c3f2000}> (0x000000009c3f2000) 
thrown [s\src\hotspot\share\prims\jni.cpp, line 516]
Event: 10375.216 Thread 0x000002aadcedd7e0 Exception <a 'sun/nio/fs/WindowsException'{0x000000009c22eb98}> (0x000000009c22eb98) 
thrown [s\src\hotspot\share\prims\jni.cpp, line 516]

VM Operations (20 events):
Event: 10371.587 Executing VM operation: G1PauseCleanup
Event: 10371.595 Executing VM operation: G1PauseCleanup done
Event: 10372.595 Executing VM operation: Cleanup
Event: 10372.596 Executing VM operation: Cleanup done
Event: 10373.596 Executing VM operation: Cleanup
Event: 10373.596 Executing VM operation: Cleanup done
Event: 10375.596 Executing VM operation: Cleanup
Event: 10375.596 Executing VM operation: Cleanup done
Event: 10378.598 Executing VM operation: Cleanup
Event: 10378.598 Executing VM operation: Cleanup done
Event: 10380.598 Executing VM operation: Cleanup
Event: 10380.598 Executing VM operation: Cleanup done
Event: 10381.599 Executing VM operation: Cleanup
Event: 10381.600 Executing VM operation: Cleanup done
Event: 10384.601 Executing VM operation: Cleanup
Event: 10384.602 Executing VM operation: Cleanup done
Event: 10403.984 Executing VM operation: HandshakeAllThreads
Event: 10404.039 Executing VM operation: HandshakeAllThreads done
Event: 10464.450 Executing VM operation: Cleanup
Event: 10464.529 Executing VM operation: Cleanup done

Events (20 events):
Event: 10370.380 Thread 0x000002aaea878330 Thread added: 0x000002aaea878330
Event: 10371.627 Thread 0x000002aabce61770 flushing nmethod 0x000002aaa6846790
Event: 10371.835 Thread 0x000002aae7b84b10 Thread exited: 0x000002aae7b84b10
Event: 10373.960 Thread 0x000002aaea879260 Thread added: 0x000002aaea879260
Event: 10373.994 loading class java/util/concurrent/Executors$DelegatedScheduledExecutorService
Event: 10373.996 loading class java/util/concurrent/Executors$DelegatedExecutorService
Event: 10373.996 loading class java/util/concurrent/Executors$DelegatedExecutorService done
Event: 10373.996 loading class java/util/concurrent/Executors$DelegatedScheduledExecutorService done
Event: 10373.999 Thread 0x000002aaea87c500 Thread added: 0x000002aaea87c500
Event: 10375.963 Thread 0x000002aaddde65a0 Thread exited: 0x000002aaddde65a0
Event: 10375.963 Thread 0x000002aae82fa840 Thread exited: 0x000002aae82fa840
Event: 10375.963 Thread 0x000002aae82fef20 Thread exited: 0x000002aae82fef20
Event: 10375.963 Thread 0x000002aae1487f30 Thread exited: 0x000002aae1487f30
Event: 10377.994 Thread 0x000002aaea875090 Thread added: 0x000002aaea875090
Event: 10377.994 Thread 0x000002aaea87ca10 Thread added: 0x000002aaea87ca10
Event: 10410.136 Thread 0x000002aadc3aef40 Thread exited: 0x000002aadc3aef40
Event: 10444.726 Thread 0x000002aaea87bff0 Thread exited: 0x000002aaea87bff0
Event: 10446.860 Thread 0x000002aaea878330 Thread exited: 0x000002aaea878330
Event: 10471.529 Thread 0x000002aae82fb260 Thread exited: 0x000002aae82fb260
Event: 10474.396 Thread 0x000002aaea878330 Thread added: 0x000002aaea878330


Dynamic libraries:
0x00007ff73b770000 - 0x00007ff73b77e000 	C:\Program Files (x86)\openlogic-openjdk-17.0.8+7-windows-x64\bin\java.exe
0x00007ffc5d2b0000 - 0x00007ffc5d4c7000 	C:\WINDOWS\SYSTEM32\ntdll.dll
0x00007ffc5c590000 - 0x00007ffc5c654000 	C:\WINDOWS\System32\KERNEL32.DLL
0x00007ffc5abf0000 - 0x00007ffc5afaa000 	C:\WINDOWS\System32\KERNELBASE.dll
0x00007ffc5a6c0000 - 0x00007ffc5a7d1000 	C:\WINDOWS\System32\ucrtbase.dll
0x00007ffc49cc0000 - 0x00007ffc49cdb000 	C:\Program Files (x86)\openlogic-openjdk-17.0.8+7-windows-x64\bin\VCRUNTIME140.dll
0x00007ffc49ce0000 - 0x00007ffc49cf7000 	C:\Program Files (x86)\openlogic-openjdk-17.0.8+7-windows-x64\bin\jli.dll
0x00007ffc5bc80000 - 0x00007ffc5be2e000 	C:\WINDOWS\System32\USER32.dll
0x00007ffc49370000 - 0x00007ffc49602000 	C:\WINDOWS\WinSxS\amd64_microsoft.windows.common-controls_6595b64144ccf1df_6.0.22621.4541_none_2710d1c57384c085\COMCTL32.dll
0x00007ffc5a810000 - 0x00007ffc5a836000 	C:\WINDOWS\System32\win32u.dll
0x00007ffc5c4c0000 - 0x00007ffc5c567000 	C:\WINDOWS\System32\msvcrt.dll
0x00007ffc5b430000 - 0x00007ffc5b459000 	C:\WINDOWS\System32\GDI32.dll
0x00007ffc5aad0000 - 0x00007ffc5abeb000 	C:\WINDOWS\System32\gdi32full.dll
0x00007ffc5aa30000 - 0x00007ffc5aaca000 	C:\WINDOWS\System32\msvcp_win.dll
0x00007ffc5bb90000 - 0x00007ffc5bbc1000 	C:\WINDOWS\System32\IMM32.DLL
0x00007ffc40980000 - 0x00007ffc4098c000 	C:\Program Files (x86)\openlogic-openjdk-17.0.8+7-windows-x64\bin\vcruntime140_1.dll
0x00007ffc20180000 - 0x00007ffc2020d000 	C:\Program Files (x86)\openlogic-openjdk-17.0.8+7-windows-x64\bin\msvcp140.dll
0x00007ffbe7770000 - 0x00007ffbe83d2000 	C:\Program Files (x86)\openlogic-openjdk-17.0.8+7-windows-x64\bin\server\jvm.dll
0x00007ffc5b370000 - 0x00007ffc5b422000 	C:\WINDOWS\System32\ADVAPI32.dll
0x00007ffc5bbd0000 - 0x00007ffc5bc77000 	C:\WINDOWS\System32\sechost.dll
0x00007ffc5a7e0000 - 0x00007ffc5a808000 	C:\WINDOWS\System32\bcrypt.dll
0x00007ffc5b460000 - 0x00007ffc5b574000 	C:\WINDOWS\System32\RPCRT4.dll
0x00007ffc33be0000 - 0x00007ffc33be9000 	C:\WINDOWS\SYSTEM32\WSOCK32.dll
0x00007ffc51c30000 - 0x00007ffc51c64000 	C:\WINDOWS\SYSTEM32\WINMM.dll
0x00007ffc5a450000 - 0x00007ffc5a49d000 	C:\WINDOWS\SYSTEM32\POWRPROF.dll
0x00007ffc5afb0000 - 0x00007ffc5b021000 	C:\WINDOWS\System32\WS2_32.dll
0x00007ffc51c90000 - 0x00007ffc51c9a000 	C:\WINDOWS\SYSTEM32\VERSION.dll
0x00007ffc5a430000 - 0x00007ffc5a443000 	C:\WINDOWS\SYSTEM32\UMPDC.dll
0x00007ffc59580000 - 0x00007ffc59598000 	C:\WINDOWS\SYSTEM32\kernel.appcore.dll
0x00007ffc3c940000 - 0x00007ffc3c94a000 	C:\Program Files (x86)\openlogic-openjdk-17.0.8+7-windows-x64\bin\jimage.dll
0x00007ffc580a0000 - 0x00007ffc582d2000 	C:\WINDOWS\SYSTEM32\DBGHELP.DLL
0x00007ffc5b580000 - 0x00007ffc5b90f000 	C:\WINDOWS\System32\combase.dll
0x00007ffc5b910000 - 0x00007ffc5b9e7000 	C:\WINDOWS\System32\OLEAUT32.dll
0x00007ffc34c90000 - 0x00007ffc34cc2000 	C:\WINDOWS\SYSTEM32\dbgcore.DLL
0x00007ffc5a840000 - 0x00007ffc5a8bb000 	C:\WINDOWS\System32\bcryptPrimitives.dll
0x00007ffc38bd0000 - 0x00007ffc38bde000 	C:\Program Files (x86)\openlogic-openjdk-17.0.8+7-windows-x64\bin\instrument.dll
0x00007ffc25bf0000 - 0x00007ffc25c15000 	C:\Program Files (x86)\openlogic-openjdk-17.0.8+7-windows-x64\bin\java.dll
0x00007ffc1e420000 - 0x00007ffc1e4f6000 	C:\Program Files (x86)\openlogic-openjdk-17.0.8+7-windows-x64\bin\jsvml.dll
0x00007ffc5c890000 - 0x00007ffc5d108000 	C:\WINDOWS\System32\SHELL32.dll
0x00007ffc58470000 - 0x00007ffc58d78000 	C:\WINDOWS\SYSTEM32\windows.storage.dll
0x00007ffc58330000 - 0x00007ffc5846f000 	C:\WINDOWS\SYSTEM32\wintypes.dll
0x00007ffc5ba80000 - 0x00007ffc5bb7a000 	C:\WINDOWS\System32\SHCORE.dll
0x00007ffc5c680000 - 0x00007ffc5c6de000 	C:\WINDOWS\System32\shlwapi.dll
0x00007ffc5a4b0000 - 0x00007ffc5a4db000 	C:\WINDOWS\SYSTEM32\profapi.dll
0x00007ffc25840000 - 0x00007ffc25858000 	C:\Program Files (x86)\openlogic-openjdk-17.0.8+7-windows-x64\bin\zip.dll
0x00007ffc241d0000 - 0x00007ffc241e9000 	C:\Program Files (x86)\openlogic-openjdk-17.0.8+7-windows-x64\bin\net.dll
0x00007ffc54c10000 - 0x00007ffc54d46000 	C:\WINDOWS\SYSTEM32\WINHTTP.dll
0x00007ffc599f0000 - 0x00007ffc59a59000 	C:\WINDOWS\system32\mswsock.dll
0x00007ffc23e80000 - 0x00007ffc23e96000 	C:\Program Files (x86)\openlogic-openjdk-17.0.8+7-windows-x64\bin\nio.dll
0x00007ffc354f0000 - 0x00007ffc35500000 	C:\Program Files (x86)\openlogic-openjdk-17.0.8+7-windows-x64\bin\verify.dll
0x00007ffc33a90000 - 0x00007ffc33ab7000 	C:\Users\yuvak\.gradle\native\c067742578af261105cb4f569cf0c3c89f3d7b1fecec35dd04571415982c5e48\windows-amd64\native-platform.dll
0x00007ffc1a2b0000 - 0x00007ffc1a3f4000 	C:\Users\yuvak\.gradle\native\38dada09dfb8b06ba9b0570ebf7e218e3eb74d4ef43ca46872605cf95ebc2f47\windows-amd64\native-platform-file-events.dll
0x00007ffc354e0000 - 0x00007ffc354e9000 	C:\Program Files (x86)\openlogic-openjdk-17.0.8+7-windows-x64\bin\management.dll
0x00007ffc2fb70000 - 0x00007ffc2fb7b000 	C:\Program Files (x86)\openlogic-openjdk-17.0.8+7-windows-x64\bin\management_ext.dll
0x00007ffc5c670000 - 0x00007ffc5c678000 	C:\WINDOWS\System32\PSAPI.DLL
0x00007ffc59c30000 - 0x00007ffc59c4b000 	C:\WINDOWS\SYSTEM32\CRYPTSP.dll
0x00007ffc594e0000 - 0x00007ffc59515000 	C:\WINDOWS\system32\rsaenh.dll
0x00007ffc59aa0000 - 0x00007ffc59ac8000 	C:\WINDOWS\SYSTEM32\USERENV.dll
0x00007ffc59c20000 - 0x00007ffc59c2c000 	C:\WINDOWS\SYSTEM32\CRYPTBASE.dll
0x00007ffc59020000 - 0x00007ffc5904d000 	C:\WINDOWS\SYSTEM32\IPHLPAPI.DLL
0x00007ffc5bb80000 - 0x00007ffc5bb89000 	C:\WINDOWS\System32\NSI.dll
0x00007ffc54020000 - 0x00007ffc54039000 	C:\WINDOWS\SYSTEM32\dhcpcsvc6.DLL
0x00007ffc537b0000 - 0x00007ffc537cf000 	C:\WINDOWS\SYSTEM32\dhcpcsvc.DLL
0x00007ffc59050000 - 0x00007ffc59152000 	C:\WINDOWS\SYSTEM32\DNSAPI.dll
0x00007ffc2c000000 - 0x00007ffc2c00e000 	C:\Program Files (x86)\openlogic-openjdk-17.0.8+7-windows-x64\bin\sunmscapi.dll
0x00007ffc5a8c0000 - 0x00007ffc5aa26000 	C:\WINDOWS\System32\CRYPT32.dll
0x00007ffc59e30000 - 0x00007ffc59e5d000 	C:\WINDOWS\SYSTEM32\ncrypt.dll
0x00007ffc59df0000 - 0x00007ffc59e27000 	C:\WINDOWS\SYSTEM32\NTASN1.dll
0x00007ffc4a530000 - 0x00007ffc4a538000 	C:\WINDOWS\system32\wshunix.dll
0x00007ffc54b30000 - 0x00007ffc54b47000 	C:\WINDOWS\system32\napinsp.dll
0x00007ffc52910000 - 0x00007ffc5292b000 	C:\WINDOWS\system32\pnrpnsp.dll
0x00007ffc3f430000 - 0x00007ffc3f441000 	C:\WINDOWS\System32\winrnr.dll
0x00007ffc54dd0000 - 0x00007ffc54de5000 	C:\WINDOWS\system32\wshbth.dll
0x00007ffc3f400000 - 0x00007ffc3f427000 	C:\WINDOWS\system32\nlansp_c.dll
0x00007ffc51c20000 - 0x00007ffc51c2a000 	C:\Windows\System32\rasadhlp.dll
0x00007ffc51af0000 - 0x00007ffc51b73000 	C:\WINDOWS\System32\fwpuclnt.dll
0x00007ffc54df0000 - 0x00007ffc54e87000 	C:\WINDOWS\system32\apphelp.dll
0x00007ffc59690000 - 0x00007ffc596c4000 	C:\WINDOWS\SYSTEM32\ntmarta.dll
0x00007ffc554d0000 - 0x00007ffc554ee000 	C:\Users\yuvak\AppData\Local\Temp\native-platform3765635971379395690dir\native-platform.dll
0x00007ffc55f50000 - 0x00007ffc55f57000 	C:\Program Files (x86)\openlogic-openjdk-17.0.8+7-windows-x64\bin\rmi.dll

dbghelp: loaded successfully - version: 4.0.5 - missing functions: none
symbol engine: initialized successfully - sym options: 0x614 - pdb path: .;C:\Program Files (x86)\openlogic-openjdk-17.0.8+7-windows-x64\bin;C:\WINDOWS\SYSTEM32;C:\WINDOWS\WinSxS\amd64_microsoft.windows.common-controls_6595b64144ccf1df_6.0.22621.4541_none_2710d1c57384c085;C:\Program Files (x86)\openlogic-openjdk-17.0.8+7-windows-x64\bin\server;C:\Users\yuvak\.gradle\native\c067742578af261105cb4f569cf0c3c89f3d7b1fecec35dd04571415982c5e48\windows-amd64;C:\Users\yuvak\.gradle\native\38dada09dfb8b06ba9b0570ebf7e218e3eb74d4ef43ca46872605cf95ebc2f47\windows-amd64;C:\Users\yuvak\AppData\Local\Temp\native-platform3765635971379395690dir

VM Arguments:
jvm_args: -XX:MaxMetaspaceSize=512m --add-opens=java.base/java.util=ALL-UNNAMED --add-opens=java.base/java.lang=ALL-UNNAMED --add-opens=java.base/java.lang.invoke=ALL-UNNAMED --add-opens=java.prefs/java.util.prefs=ALL-UNNAMED --add-opens=java.base/java.nio.charset=ALL-UNNAMED --add-opens=java.base/java.net=ALL-UNNAMED --add-opens=java.base/java.util.concurrent.atomic=ALL-UNNAMED -Xmx2048m -Dfile.encoding=windows-1252 -Duser.country=US -Duser.language=en -Duser.variant -javaagent:C:\Users\yuvak\.gradle\wrapper\dists\gradle-8.7-all\aan3ydargesu18aqyqjwhr3pc\gradle-8.7\lib\agents\gradle-instrumentation-agent-8.7.jar 
java_command: org.gradle.launcher.daemon.bootstrap.GradleDaemon 8.7
java_class_path (initial): C:\Users\yuvak\.gradle\wrapper\dists\gradle-8.7-all\aan3ydargesu18aqyqjwhr3pc\gradle-8.7\lib\gradle-launcher-8.7.jar
Launcher Type: SUN_STANDARD

[Global flags]
     intx CICompilerCount                          = 4                                         {product} {ergonomic}
   size_t CompressedClassSpaceSize                 = 436207616                                 {product} {ergonomic}
     uint ConcGCThreads                            = 3                                         {product} {ergonomic}
     uint G1ConcRefinementThreads                  = 10                                        {product} {ergonomic}
   size_t G1HeapRegionSize                         = 1048576                                   {product} {ergonomic}
    uintx GCDrainStackTargetSize                   = 64                                        {product} {ergonomic}
   size_t InitialHeapSize                          = 98566144                                  {product} {ergonomic}
   size_t MarkStackSize                            = 4194304                                   {product} {ergonomic}
   size_t MaxHeapSize                              = 2147483648                                {product} {command line}
   size_t MaxMetaspaceSize                         = 536870912                                 {product} {command line}
   size_t MaxNewSize                               = 1287651328                                {product} {ergonomic}
   size_t MinHeapDeltaBytes                        = 1048576                                   {product} {ergonomic}
   size_t MinHeapSize                              = 8388608                                   {product} {ergonomic}
    uintx NonNMethodCodeHeapSize                   = 5839372                                {pd product} {ergonomic}
    uintx NonProfiledCodeHeapSize                  = 122909434                              {pd product} {ergonomic}
    uintx ProfiledCodeHeapSize                     = 122909434                              {pd product} {ergonomic}
    uintx ReservedCodeCacheSize                    = 251658240                              {pd product} {ergonomic}
     bool SegmentedCodeCache                       = true                                      {product} {ergonomic}
   size_t SoftMaxHeapSize                          = 2147483648                             {manageable} {ergonomic}
     bool UseCompressedClassPointers               = true                           {product lp64_product} {ergonomic}
     bool UseCompressedOops                        = true                           {product lp64_product} {ergonomic}
     bool UseG1GC                                  = true                                      {product} {ergonomic}
     bool UseLargePagesIndividualAllocation        = false                                  {pd product} {ergonomic}

Logging:
Log output configuration:
 #0: stdout all=warning uptime,level,tags
 #1: stderr all=off uptime,level,tags

Environment Variables:
JAVA_HOME=C:\Program Files (x86)\openlogic-openjdk-17.0.8+7-windows-x64
CLASSPATH=C:\Users\yuvak\Desktop\MyApp\android\\gradle\wrapper\gradle-wrapper.jar
PATH=C:\Users\yuvak\Desktop\MyApp\node_modules\.bin;C:\Users\yuvak\Desktop\MyApp\node_modules\.bin;C:\Users\yuvak\Desktop\node_modules\.bin;C:\Users\yuvak\node_modules\.bin;C:\Users\node_modules\.bin;C:\node_modules\.bin;C:\Users\yuvak\AppData\Roaming\npm\node_modules\npm\node_modules\@npmcli\run-script\lib\node-gyp-bin;C:\Users\yuvak\Desktop\MyApp\node_modules\.bin;C:\Users\yuvak\Desktop\node_modules\.bin;C:\Users\yuvak\node_modules\.bin;C:\Users\node_modules\.bin;C:\node_modules\.bin;C:\Users\yuvak\AppData\Roaming\npm\node_modules\npm\node_modules\@npmcli\run-script\lib\node-gyp-bin;C:\XAMPP\php;C:\Program Files\Git\cmd;C:\Program Files\NVIDIA Corporation\NVIDIA NvDLISR;C:\Program Files\nodejs\;C:\XAMPP\php;C:\Users\yuvak\AppData\Local\Programs\Microsoft VS Code\bin;C:\flutter\bin;C:\Windows\System32;C:\Users\yuvak\AppData\Roaming\npm;C:\Users\yuvak\AppData\Local\Pub\Cache\bin;C:\Users\yuvak\AppData\Local\Android\Sdk;C:\Program Files (x86)\openlogic-openjdk-17.0.8+7-windows-x64\bin;C:\Users\yuvak\AppData\Local\Android\Sdk\platform-tools;C:\Users\yuvak\AppData\Local\Android\Sdk\emulator;C:\Users\yuvak\AppData\Local\Android\Sdk\tools;
USERNAME=yuvak
LANG=en_US.UTF-8
OS=Windows_NT
PROCESSOR_IDENTIFIER=AMD64 Family 25 Model 80 Stepping 0, AuthenticAMD
TMP=C:\Users\yuvak\AppData\Local\Temp
TEMP=C:\Users\yuvak\AppData\Local\Temp



---------------  S Y S T E M  ---------------

OS:
 Windows 11 , 64 bit Build 22621 (10.0.22621.4391)
OS uptime: 18 days 2:39 hours
Hyper-V role detected

CPU: total 12 (initial active 12) (12 cores per cpu, 2 threads per core) family 25 model 80 stepping 0 microcode 0x0, cx8, cmov, fxsr, ht, mmx, 3dnowpref, sse, sse2, sse3, ssse3, sse4a, sse4.1, sse4.2, popcnt, lzcnt, tsc, tscinvbit, avx, avx2, aes, erms, clmul, bmi1, bmi2, adx, sha, fma, vzeroupper, clflush, clflushopt, hv
Processor Information for processor 0
  Max Mhz: 3301, Current Mhz: 3301, Mhz Limit: 3301
Processor Information for processor 1
  Max Mhz: 3301, Current Mhz: 3301, Mhz Limit: 3301
Processor Information for processor 2
  Max Mhz: 3301, Current Mhz: 3301, Mhz Limit: 3301
Processor Information for processor 3
  Max Mhz: 3301, Current Mhz: 3301, Mhz Limit: 3301
Processor Information for processor 4
  Max Mhz: 3301, Current Mhz: 3301, Mhz Limit: 3301
Processor Information for processor 5
  Max Mhz: 3301, Current Mhz: 2630, Mhz Limit: 3301
Processor Information for processor 6
  Max Mhz: 3301, Current Mhz: 2630, Mhz Limit: 3301
Processor Information for processor 7
  Max Mhz: 3301, Current Mhz: 3301, Mhz Limit: 3301
Processor Information for processor 8
  Max Mhz: 3301, Current Mhz: 3301, Mhz Limit: 3301
Processor Information for processor 9
  Max Mhz: 3301, Current Mhz: 2630, Mhz Limit: 3301
Processor Information for processor 10
  Max Mhz: 3301, Current Mhz: 3301, Mhz Limit: 3301
Processor Information for processor 11
  Max Mhz: 3301, Current Mhz: 2630, Mhz Limit: 3301

Memory: 4k page, system-wide physical 5996M (1071M free)
TotalPageFile size 24428M (AvailPageFile size 532M)
current process WorkingSet (physical memory assigned to process): 38M, peak: 954M
current process commit charge ("private bytes"): 1112M, peak: 1730M

vm_info: OpenJDK 64-Bit Server VM (17.0.8+7-adhoc..jdk17u) for windows-amd64 JRE (17.0.8+7-adhoc..jdk17u), built on Jul 19 2023 10:43:49 by "" with MS VC++ 16.10 / 16.11 (VS2019)

END.
